Sno,Movie,Year,Certificate,Genre,Runtime,Rating,No.of.Ratings
1224,Bhakta Prahlada,1932,U,"Drama, Fantasy            ",108,7.1,66
437,Pathala Bhairavi,1951,U,"Action, Adventure, Family            ",192,8.5,592
878,Malliswari,1951,U,"Drama, History, Musical            ",194,7,144
991,Kanchana,1952,U,Drama            ,165,7,106
732,Devadasu,1953,U,"Drama, Family, Musical            ",191,7.4,235
378,Missamma,1955,U,"Comedy, Drama, Family            ",181,8.5,754
1069,Kanyasulkam,1955,U,Drama            ,167,7.9,90
92,Maya Bazaar,1957,U,"Comedy, Drama, Family            ",192,9.2,3733
1345,Panduranga Mahatyam,1957,U,"Drama, History, Musical            ",0,8.2,54
893,Bhookailas,1958,U,"Drama, Musical            ",174,7.1,138
1061,Appu Chesi Pappu Koodu,1959,U,"Comedy, Drama            ",176,8,91
959,Kalathur Kannamma,1960,U,"Drama, Romance            ",176,7,115
1068,Jagadeka Veeruni Katha,1961,U,"Drama, Fantasy            ",187,7.9,90
1140,Seetha Rama Kalyanam,1961,U,"Drama, Musical            ",182,7.7,79
261,Gundamma Katha,1962,U,"Comedy, Drama            ",166,8.8,1236
1264,Gulebakavali Katha,1962,U,"Musical, Drama, Fantasy            ",0,8.2,61
1354,Parthal Pasi Theerum,1962,U,"Drama, War            ",159,7.8,53
757,Narthanasala,1963,U,"Drama, Musical            ",175,7.6,219
1320,Sri Krishnarjuna Yudham,1963,U,"Drama, Fantasy, History            ",174,8.1,56
556,Karnan,1964,U,"Action, Drama, History            ",187,8,389
1080,Mooga Manasulu,1964,U,Drama            ,164,7.7,88
1194,Ramudu Bheemudu,1964,U,"Comedy, Drama            ",167,7.5,70
902,Enga Veetu Pillai,1965,U,"Action, Comedy, Drama            ",147,7.1,135
1092,Pandava Vanavasamu,1965,U,"Drama, Fantasy            ",188,8.1,86
1109,Sri Krishna Pandaveeyam,1966,U,"Drama, Musical            ",187,7.9,84
1376,Paramanandayya Shishyula Katha,1966,U,"Drama, Musical            ",0,8.1,51
928,Ave Kallu,1967,Unrated,"Musical, Mystery, Thriller            ",163,7.2,124
946,Bama Vijayam,1967,,Comedy            ,179,7.3,119
1280,Srimanthudu,1971,U,"Drama, Romance            ",149,7.2,60
1372,Mosagalaku Mosagaadu,1971,,Adventure            ,0,8.3,51
1142,Sampoorna Ramayanam,1972,U,"Drama, Family, Fantasy            ",190,7.7,79
622,Alluri Seetharama Raju,1974,U,"Action, Biography, Drama            ",187,7.5,317
1029,Swargam Narakam,1975,,"Comedy, Drama            ",140,8.1,96
1045,Muthyala Muggu,1975,U,Family            ,165,7.4,94
1030,Manmatha Leelai,1976,A,"Comedy, Musical, Romance            ",161,7.5,96
1127,Anthuleni Katha,1976,U,"Drama, Family            ",0,7.7,80
468,Daana Veera Soora Karna,1977,U,"Action, Drama, Fantasy            ",233,8.8,530
985,Yamagola,1977,U,"Comedy, Fantasy, Romance            ",149,6.6,107
1101,Adavi Ramudu,1977,U,"Action, Drama, Romance            ",159,7.2,85
1268,Oka Oori Katha,1977,,"Comedy, Drama            ",116,7.5,61
1285,Aadu Puli Attam,1977,U,"Action, Drama, Thriller            ",136,6.6,59
1352,Kurukshetramu,1977,U,"Musical, Drama, Action            ",0,8.2,53
1353,Chanakya Chandragupta,1977,U,"Action, Drama, History            ",178,7.1,53
387,Sigappu Rojakkal,1978,A,"Drama, Thriller            ",129,7.8,732
723,Maro Charithra,1978,U,"Drama, Romance            ",169,7.4,239
1165,Padaharella Vayasu,1978,U,Drama            ,140,7.7,75
1236,Manavoori Pandavulu,1978,U,Drama            ,152,8.2,65
1384,Chal Mohana Ranga,1978,,Drama            ,129,8.2,50
1391,Kondura (The Sage from the Sea),1978,,Drama            ,137,7.4,50
733,Ninaithale Inikkum,1979,U,"Musical, Romance            ",141,6.9,235
852,Alavuddinum Athbutha Vilakkum,1979,U,"Adventure, Drama, Fantasy            ",144,6.6,157
925,Kalyanaraman,1979,U,"Action, Comedy, Drama            ",134,6.6,126
1009,Annai Oru Aalayam,1979,,"Adventure, Drama            ",122,6.9,101
1120,Neeya,1979,U,"Drama, Fantasy, Musical            ",137,6.2,83
1187,Vetagadu,1979,U,"Action, Drama            ",161,6.9,71
1217,Idi Kathakaadu,1979,U,"Drama, Family            ",0,8.1,67
1289,Driver Ramudu,1979,U,"Action, Drama            ",145,8.1,59
1300,Maa Bhoomi,1979,A,Drama            ,158,8.3,58
1336,Thayillamal Nannilai,1979,U,"Action, Drama            ",135,6.5,55
192,Sankarabharanam,1980,U,"Drama, Musical, Romance            ",143,8.7,1829
512,Guru,1980,U,"Action, Crime, Drama            ",159,6.5,462
1018,Sardar Papa Rayudu,1980,U,"Action, Drama            ",151,5.9,100
1161,Punnami Naagu,1980,U,"Drama, Horror            ",130,7.4,76
1173,Superman,1980,Unrated,"Fantasy, Musical, Sci-Fi            ",135,4.9,72
1234,Kaali,1980,A,"Action, Drama            ",0,6.3,65
505,Aakali Rajyam,1981,A,Drama            ,138,8.1,476
753,Tik Tik Tik,1981,A,"Crime, Mystery, Thriller            ",164,7,224
783,Raaja Paarvai,1981,Unrated,"Drama, Romance            ",144,7.2,204
936,Saptapadhi,1981,U,"Drama, Family, Musical            ",0,7.2,122
986,Meendum Kokila,1981,U,"Comedy, Drama, Romance            ",139,6.3,107
1084,Premaabhishekam,1981,U,"Drama, Musical, Romance            ",155,7.7,88
1094,Kondaveeti Simham,1981,U,"Action, Drama, Family            ",163,7.5,86
1151,Chettaniki Kallu Levu,1981,A,"Action, Drama, Crime            ",141,7.8,77
795,Sakalakala Vallavan,1982,U,"Action, Comedy, Romance            ",138,6.7,197
806,Subhalekha,1982,U,"Family, Drama, Musical            ",139,7.3,188
885,Prathigna,1982,,"Comedy, Family            ",136,1.1,142
1083,Nireekshana,1982,A,"Drama, Romance            ",0,7.4,88
1175,Justice Chowdhary,1982,U,"Action, Drama            ",141,6.9,72
1177,Intlo Ramayya Veedilo Krishnayya,1982,U,"Comedy, Drama, Romance            ",125,7.6,72
1235,Bobbili Puli,1982,A,"Action, Drama            ",169,7,65
1325,Gruha Pravesam,1982,,Family            ,0,8.2,55
1335,Devatha,1982,U,"Drama, Romance            ",180,7.7,55
1389,Billa Ranga,1982,A,"Action, Crime, Family            ",113,7.8,50
134,Sagara Sangamam,1983,U,"Musical, Romance, Drama            ",160,8.8,2639
562,Khaidi,1983,A,"Action, Drama            ",157,7.4,384
1004,Thoongathey Tambi Thoongathey,1983,Unrated,Drama            ,0,6.4,103
1150,Sitaara,1983,U,"Drama, Romance            ",144,7.6,77
1297,Meghasandesam,1983,U,"Drama, Musical            ",151,7.5,58
1347,Manthrigari Viyyankudu,1983,U,"Action, Comedy, Drama            ",0,7.3,54
1388,Gudachari No.1,1983,U,"Action, Thriller            ",138,7,50
540,Challenge,1984,U,Drama            ,152,7.8,415
826,Padmavyuham,1984,,Action            ,140,1.6,170
848,Bhale Ramudu,1984,,Family            ,147,1.3,160
975,Srivaariki Premalekha,1984,U,"Comedy, Romance            ",0,6.8,110
992,Mayuri,1984,U,"Family, Musical            ",142,6.8,106
1024,Mangamma Gari Manavadu,1984,U,Drama            ,129,7.5,98
1034,Babai Abbai,1984,U,"Comedy, Romance            ",117,7.6,95
1208,Sri Madvirat Veera Brahmendra Swamy Charitra,1984,U,"Drama, History, Musical            ",173,7.7,68
334,Ragile Gundelu,1985,Unrated,Drama            ,127,4.4,888
623,Adavi Donga,1985,U,"Action, Comedy, Family            ",136,6.6,317
658,Anveshana,1985,A,"Mystery, Thriller            ",113,7.5,285
704,Sindhu Bhairavi,1985,,Drama            ,159,7.2,252
728,Kaakki Sattai,1985,U,"Action, Comedy, Drama            ",143,7.1,236
751,Vijetha,1985,U,"Drama, Family, Romance            ",107,7.2,225
799,Ladies Tailor,1985,,Comedy            ,0,7.1,192
917,Edadugula Bandham,1985,,Drama            ,142,1.7,129
971,Jappanil Kalyanaraman,1985,U,"Action, Comedy, Romance            ",138,6,111
972,Idaya Kovil,1985,,"Drama, Romance            ",160,6.2,111
1102,Donga,1985,U,"Action, Drama            ",146,7.2,85
1141,Rendu Rella Aaru,1985,U,Comedy            ,0,7.4,79
1294,Uyarntha Ullam,1985,U,"Action, Drama, Romance            ",0,7.3,58
1385,Andha Oru Nimidam,1985,,"Action, Crime, Drama            ",144,7,50
1395,Maro Monagadu,1985,,nan,0,8.6,49
410,Swathi Muthyam,1986,U,"Drama, Family, Romance            ",160,8.3,672
497,Chantabbai,1986,U,"Comedy, Mystery            ",134,8.1,484
638,Kondaveeti Raja,1986,U,"Action, Drama            ",140,6,301
761,Sirivennela,1986,U,"Family, Musical            ",181,7.5,217
921,Maanavudu Daanavudu,1986,,Family            ,140,1.6,127
953,Veta,1986,U,"Action, Adventure, Thriller            ",148,6.9,116
1082,Tandra Paparayudu,1986,U,"Action, Biography, Drama            ",0,7.9,88
1119,Raakshasudu,1986,,"Action, Drama            ",113,7.4,82
1126,Sri Shirdi Saibaba Mahathyam,1986,U,Drama            ,0,7.7,80
1314,Papikondalu,1986,,nan,0,8.3,56
1318,Oka Radha Iddaru Krishnulu,1986,U,"Comedy, Drama, Romance            ",0,6.8,56
1350,Nampalli Nagu,1986,,nan,0,8.5,53
1375,Ugranarasimham,1986,,nan,0,8.6,51
145,Aha Naa Pellanta,1987,U,Comedy            ,147,8.9,2438
522,Swayam Krushi,1987,U,Drama            ,164,8.3,434
636,Pasivadi Pranam,1987,U,"Action, Drama, Thriller            ",140,7.7,303
694,Padamati Sandhya Ragam,1987,U,Romance            ,142,7.8,259
859,Veera Prathap,1987,,"Action, Adventure, Comedy            ",144,1.2,155
1019,Srinivasa Kalyanam,1987,,Drama            ,143,7.9,99
1037,Aradhana,1987,U,"Musical, Romance            ",141,7.5,95
1043,Sruthilayalu,1987,U,"Drama, Family, Musical            ",0,7.8,94
1073,Per Sollum Pillai,1987,U,"Action, Drama, Family            ",134,6.9,89
1088,Chakravarthy,1987,U,"Action, Crime, Drama            ",136,8,87
1202,Donga Mogudu,1987,U,"Action, Comedy            ",168,7.3,69
1207,Vishwanatha Nayakudu,1987,U,"Action, Drama, History            ",154,7.7,68
1265,Nene Raju Nene Manthri,1987,,nan,0,8,61
1287,Samsaaram Oka Chadarangam,1987,U,Drama            ,0,8,59
1319,Sri Kanaka Mahalakshmi Recording Dance Troupe,1987,U,"Musical, Comedy, Drama            ",0,7.6,56
1328,Sardar Dharmanna,1987,,Drama            ,120,8.4,55
1334,Jebu Donga,1987,U,"Action, Comedy, Crime            ",143,7.3,55
1397,Muvva Gopaludu,1987,,"Drama, Romance            ",137,7.8,49
206,Rudra Veena,1988,U,"Drama, Musical            ",170,8.5,1670
433,Sathyaa,1988,U,"Action, Crime, Drama            ",147,7.8,601
531,Swarnakamalam,1988,U,"Drama, Musical, Romance            ",143,8,425
605,Janaki Ramudu,1988,U,"Drama, Romance            ",133,5.5,328
648,Khaidi No. 786,1988,U,"Action, Drama, Romance            ",144,6.6,293
688,Yamudiki Mogudu,1988,U,"Action, Comedy, Fantasy            ",145,7.3,262
999,Manchi Donga,1988,U,"Action, Drama, Romance            ",147,5.1,104
1025,Yudda Bhoomi,1988,U,"Action, Drama            ",144,7.7,97
1047,Bazaar Rowdy,1988,,Action            ,115,7.4,93
1058,Choopulu Kalasina Subhavela,1988,U,"Comedy, Drama            ",122,7.7,91
1074,Vivaha Bhojanambu,1988,U,Comedy            ,0,7.6,89
1098,Varasudochhadu,1988,,Family            ,124,7.8,85
1103,Aakhari Poratam,1988,A,"Action, Drama, Thriller            ",0,7.2,85
1117,Chinnabaabu,1988,U,Drama            ,168,8.2,82
1122,Mugguru Kodukulu,1988,,"Action, Drama            ",153,7.5,81
1138,Murali Krishnudu,1988,UA,"Comedy, Romance            ",130,8.1,79
1147,Brahma Puthrudu,1988,,Drama            ,144,7.9,78
1174,Abhinandana,1988,,"Drama, Romance            ",130,7.5,72
1186,Donga Ramudu,1988,U,Action            ,135,7.5,71
1216,Maharshi,1988,U,Romance            ,132,7.9,67
1267,Trinetrudu,1988,U,"Action, Crime, Thriller            ",145,7.3,61
1288,Intinti Bhagavatham,1988,,nan,0,8.1,59
1296,Praja pratinidhi,1988,,Comedy            ,131,8.4,58
1299,Marana Mrudangam,1988,U,Action            ,137,7.6,58
123,Shiva,1989,A,"Action, Crime, Drama            ",161,8.1,3072
168,Gitanjali,1989,UA,"Drama, Romance            ",150,8.2,2176
606,Koduku Diddina Kapuram,1989,U,Drama            ,134,6.6,327
665,Lankeshwarudu,1989,U,"Action, Drama            ",157,6.6,281
682,Indrudu Chandrudu,1989,U,"Comedy, Drama            ",158,7.2,268
788,Athaku Yamudu Ammayiki Mogudu,1989,U,"Action, Comedy, Drama            ",140,7,201
853,Naa Mogudu Nanke Sontham,1989,,Comedy            ,147,3.2,157
950,Chettu Kinda Pleader,1989,U,"Comedy, Crime, Thriller            ",0,7.2,117
979,Nari Nari Naduma Murari,1989,,"Comedy, Drama, Romance            ",137,6.3,109
996,Bala Gopaludu,1989,,Drama            ,0,3.4,104
1014,Bhale Donga,1989,,"Action, Comedy, Drama            ",0,3.3,100
1035,Two Town Rowdy,1989,,"Action, Drama, Romance            ",140,8,95
1036,State Rowdy,1989,U,"Action, Crime, Drama            ",147,7.3,95
1072,Dhruvanakshatram,1989,,"Action, Drama            ",147,8.2,89
1079,Prema,1989,U,"Drama, Romance            ",156,7.7,88
1081,Ontari Poratam,1989,,Action            ,133,7.9,88
1108,Black Tiger,1989,,nan,0,7.9,84
1112,Hai Hai Nayaka,1989,U,Comedy            ,0,7.7,83
1125,Vijay,1989,,"Action, Drama            ",150,8,80
1218,Agni Nakshatram,1989,,Drama            ,0,8.5,67
1233,Rudranetra,1989,U,"Action, Crime, Thriller            ",126,6.7,65
1252,Bava Bava Panneeru,1989,U,Comedy            ,0,7.5,63
1330,Muddula Mavayya,1989,,"Action, Drama            ",142,7.8,55
1390,Vicky Dada,1989,A,"Action, Crime            ",0,7.4,50
376,Jagadeka Veerudu Athiloka Sundari,1990,U,"Action, Comedy, Family            ",153,8,760
663,Kodama Simham,1990,U,"Action, Adventure, Western            ",141,6.7,283
666,Kondaveeti Donga,1990,U,"Action, Adventure, Drama            ",151,6.9,280
711,Alludugaru,1990,U,"Drama, Comedy            ",144,5.7,245
818,Bobbili Raja,1990,,"Action, Romance            ",155,6.9,177
823,Maa Inti Katha,1990,,Family            ,120,2.5,172
981,Raja Vikramarka,1990,U,"Action, Comedy, Family            ",153,6.7,109
998,Jayammu Nischayammu Raa!,1990,U,"Comedy, Romance            ",143,6.9,104
1040,Prema Yuddham,1990,,Romance            ,90,8.4,94
1066,Kadapa Redamma,1990,,Action            ,130,8.4,90
1118,Karthavyam,1990,A,"Action, Drama            ",145,7,82
1123,Balachandrudu,1990,U,Drama            ,0,7.4,80
1159,Sathruvu,1990,,"Action, Drama            ",138,7.5,76
1164,Lorry Driver,1990,,"Action, Crime            ",135,7.3,75
1166,Prananiki Pranam,1990,,"Action, Drama, Family            ",130,8.2,74
1178,Anna Thamudu,1990,,"Action, Drama            ",126,7.5,72
1244,Bamma Maata Bangaru Baata,1990,U,"Comedy, Drama            ",153,7.2,64
166,Aditya 369,1991,U,"Family, Sci-Fi, Adventure            ",140,8.4,2179
204,Kshana Kshanam,1991,U,"Comedy, Crime, Drama            ",158,8.1,1685
436,Coolie No. 1,1991,,"Action, Drama, Romance            ",146,6.5,596
439,Gang Leader,1991,U,"Action, Drama            ",155,7.8,591
664,April 1 Vidudala,1991,U,"Comedy, Romance, Thriller            ",144,7.7,282
701,Assembly Rowdy,1991,,"Action, Drama            ",0,6,254
724,Pelli Pustakam,1991,U,"Comedy, Drama, Romance            ",151,7.5,238
745,Seetharamaiah Gari Manavaralu,1991,U,Drama            ,145,7.7,229
771,Rowdy Gari Pellam,1991,,Drama            ,0,3.8,213
777,Nirnayam,1991,U,"Action, Comedy, Drama            ",170,7,207
797,Appula Appa Rao,1991,U,Comedy            ,139,7.3,193
840,Rowdy Alludu,1991,U,"Action, Comedy            ",144,6.9,164
983,Alludu Diddina Kapuram,1991,,Drama            ,60,1.4,108
988,Prema Panjaram,1991,,"Drama, Family            ",138,1,106
1075,Shanti Kranti,1991,,"Action, Drama, Musical            ",142,6.9,89
1086,Surya IPS,1991,,"Crime, Action            ",144,7,87
1100,Edurinti Mogudu Pakkinti Pellam,1991,U,Comedy            ,135,7.5,85
1171,Peddinti Alludu,1991,,"Comedy, Romance            ",0,8.5,72
1279,Stoovertpuram Police Station,1991,U,"Action, Drama            ",148,6.6,60
554,Gharana Mogudu,1992,U,"Action, Comedy, Drama            ",149,7.3,398
592,Swathi Kiranam,1992,U,"Drama, Musical            ",130,8.1,337
615,Samrat Ashok,1992,U,"Action, Drama, History            ",160,6.2,320
616,Aapathbandavudu,1992,U,"Drama, Musical            ",173,7.6,320
710,Brahma,1992,,Action            ,130,3.9,246
776,Allari Mogudu,1992,U,"Drama, Comedy            ",104,5.7,209
817,Chanti,1992,U,"Drama, Romance            ",139,7,178
821,Chitemma Mogudu,1992,,Comedy            ,140,4.4,173
888,Donga Police,1992,,"Action, Comedy, Drama            ",130,3.1,140
889,Sundara Kanda,1992,,"Comedy, Romance            ",147,7,140
890,Chitram Bhalare Vichitram,1992,U,Comedy            ,144,6.8,140
894,Antham,1992,A,"Action, Crime, Thriller            ",128,6.4,138
942,Killer,1992,,"Action, Crime, Drama            ",160,6.5,121
958,Peddarikam,1992,U,"Comedy, Drama, Action            ",134,7.1,115
1007,Rowdy Inspector,1992,,"Action, Drama            ",143,5.9,102
1232,Brindavanam,1992,U,"Comedy, Drama            ",153,7.4,65
1308,Aswamedham,1992,U,"Action, Drama            ",0,7.1,57
1362,Golmaal Govindam,1992,U,"Comedy, Drama            ",128,7.2,52
1393,President Gari Pellam,1992,U,Drama            ,0,6.5,49
305,Jamba Lakidi Pamba,1993,A,Comedy            ,131,8.2,988
329,Major Chandrakanth,1993,,"Action, Drama, Thriller            ",156,7.3,899
524,Gaayam,1993,A,"Action, Drama            ",140,7.3,432
634,Govindha Govindha,1993,U,"Action, Crime, Drama            ",145,6.8,304
668,Mutamestri,1993,U,"Action, Drama            ",163,7.1,278
684,Aa Okkati Adakku,1993,U,Comedy            ,155,7.8,266
708,Kunti Puthrudu,1993,,Drama            ,140,4.1,249
754,Detective Naarada,1993,U,"Comedy, Drama, Thriller            ",0,5.9,222
811,Rowdy Mogudu,1993,,Drama            ,129,4.5,183
864,Money,1993,U,"Action, Comedy, Drama            ",131,7.2,154
874,Rajendrudru Gajendrudru,1993,U,"Comedy, Drama            ",152,7.2,149
943,Mr. Pellam,1993,U,"Comedy, Drama            ",123,7.2,121
966,Mathru Devo Bhava,1993,,Drama            ,140,7.4,112
980,Mayalodu,1993,U,"Comedy, Drama            ",149,7,109
1087,Maharasan,1993,U,"Comedy, Drama            ",144,6.3,87
1091,Allari Alludu,1993,,Drama            ,0,7.5,86
1093,Mechanic Alludu,1993,U,Comedy            ,147,6.3,86
1136,Bangaru Bullodu,1993,,"Action, Drama, Romance            ",0,7.3,79
1139,Varasudu,1993,,"Action, Drama            ",158,7,79
1182,Kondapalli Raja,1993,U,"Action, Drama            ",0,6.9,71
1256,Rakshana,1993,,Drama            ,0,7.2,62
1276,Abbaigaru,1993,,Drama            ,0,7.2,60
1295,Pekata Paparao,1993,U,"Drama, Comedy            ",0,6.8,58
1298,Joker,1993,U,"Drama, Comedy, Family            ",0,7.1,58
1331,Parugo Parugu,1993,U,"Comedy, Crime            ",0,6.8,55
1333,Allari Priyudu,1993,U,"Drama, Romance            ",141,6.7,55
1346,Ankuram,1993,A,Drama            ,131,7.9,54
368,Punya Bhoomi Naa Desam,1994,,Action            ,140,6.4,775
477,Veera,1994,U,"Comedy, Romance            ",240,6.6,515
502,Magalir Mattum,1994,Unrated,"Comedy, Drama, Thriller            ",132,7.3,482
509,Bhairava Dweepam,1994,U,"Action, Adventure, Comedy            ",162,7.8,466
566,Hello Brother,1994,U,"Action, Comedy, Drama            ",158,7.4,379
576,Allari Police,1994,,"Action, Comedy            ",141,5.1,363
726,Yamaleela,1994,U,"Comedy, Drama, Fantasy            ",140,7.5,237
912,Mugguru Monagallu,1994,U,"Action, Comedy, Drama            ",0,6.1,130
987,M Dharmaraju M.A.,1994,,"Drama, Thriller            ",0,5.4,106
1096,Bobbili Simham,1994,,Drama            ,126,7.7,85
1111,Subhalagnam,1994,U,Drama            ,145,7.7,83
1148,Alibaba Aradajanu Dongalu,1994,U,Comedy            ,0,7.1,78
1160,Gandeevam,1994,U,Drama            ,0,6.5,76
1243,Super Police,1994,,"Action, Thriller            ",95,5.6,64
1332,Top Hero,1994,,Drama            ,0,6.2,55
100,Kuruthipunal,1995,A,"Action, Drama, Thriller            ",143,8.5,3513
474,Peda Rayudu,1995,,"Action, Drama            ",165,7.2,521
553,Criminal,1995,A,"Action, Romance, Thriller            ",123,5.7,399
593,Alluda Majaaka!,1995,,"Action, Comedy, Drama            ",161,6.3,337
729,Ammoru,1995,U,"Fantasy, Horror            ",129,7.1,236
743,Sisindri,1995,,"Comedy, Family            ",151,6.7,230
822,Subha Sankalpam,1995,U,"Drama, Musical            ",0,6.8,173
900,Money Money,1995,U,"Action, Comedy, Drama            ",0,7,135
1000,Big Boss,1995,U,"Action, Drama            ",153,4.7,104
1044,Rikshavodu,1995,U,"Action, Drama            ",150,5.8,94
1067,Ghatotkachudu,1995,U,"Comedy, Drama, Fantasy            ",0,7.2,90
1176,Gharana Bullodu,1995,U,"Comedy, Romance            ",146,6.4,72
424,Ninne Pelladatha,1996,UA,"Romance, Comedy, Drama            ",146,7.6,624
428,Akkada Ammayi Ikkada Abbayi,1996,U,"Action, Romance            ",159,5.2,610
536,Kadhal Desam,1996,,"Comedy, Drama, Romance            ",158,6.8,418
559,Little Soldiers,1996,U,"Family, Musical, Comedy            ",105,7.9,387
642,Ramayanam,1996,U,History            ,160,7.1,297
763,Intlo Illalu Vantaintlo Priyuralu,1996,,"Comedy, Family            ",0,6.9,216
839,Deyyam,1996,A,Horror            ,86,6.4,164
873,Gulabi,1996,A,"Action, Romance            ",138,7,149
876,Adhirindhi Alludu,1996,,Drama            ,140,3.3,148
892,Sahasa Veerudu Sagara Kanya,1996,,"Action, Adventure, Fantasy            ",139,6.1,138
949,Dharma Chakram,1996,,Drama            ,144,7.1,117
995,Pavitra Bandham,1996,U,"Comedy, Drama, Romance            ",0,6.7,104
1013,Soggadi Pellam,1996,U,Drama            ,141,4.1,100
1048,Pelli Sandadi,1996,U,"Musical, Romance            ",0,7.4,93
1053,S. P. Parasuram,1996,U,"Action, Drama            ",140,6,92
1124,Vinodam,1996,,Comedy            ,0,7.2,80
1191,Dongaata,1996,,Drama            ,0,6.9,70
1200,Ramudochhadu,1996,U,"Action, Comedy, Drama            ",125,6.2,69
1321,Rambantu,1996,U,"Family, Musical            ",0,7.3,56
1386,Maavichiguru,1996,U,Drama            ,140,6.4,50
1387,Sri Krishnarjuna Vijayam,1996,U,"Action, Drama, Fantasy            ",131,7.1,50
208,Annamayya,1997,U,"Biography, History, Musical            ",150,8,1648
370,Adavilo Anna,1997,,"Action, Drama            ",150,5.5,775
488,Suswagatham,1997,U,"Drama, Romance            ",151,7.1,499
526,Gokulamlo Seetha,1997,U,"Drama, Romance            ",140,5.6,430
650,Hitler,1997,U,"Action, Drama            ",152,6.4,292
655,Collector Garu,1997,,"Action, Comedy, Drama            ",142,5.1,289
673,Anaganaga Oka Roju,1997,U,"Action, Comedy, Drama            ",119,7.1,275
686,Ratchakan,1997,,"Action, Romance            ",154,6.4,264
699,Master,1997,U,"Action, Drama            ",126,6.8,257
760,Veedevadandi Babu,1997,,Comedy            ,138,5.6,217
789,Sindhooram,1997,,"Action, Drama, Romance            ",144,7.4,199
815,Preminchukundam Raa,1997,U,Romance            ,151,7.2,178
1107,Pelli Chesukundam,1997,,Drama            ,140,6.8,84
1249,Peddannayya,1997,,Drama            ,146,7.6,63
1266,Osey Ramulamma,1997,A,"Action, Drama            ",0,7.5,61
1339,Muddula Mogudu,1997,,Drama            ,0,7,54
1374,Chinnabbayi,1997,U,"Drama, Action, Romance            ",0,5.2,51
112,Tholi Prema,1998,U,"Drama, Romance            ",146,8.2,3211
295,Kaathala Kaathala,1998,U,"Comedy, Drama, Romance            ",142,7.5,1035
332,Hyderabad Blues,1998,A,"Comedy, Drama, Romance            ",85,7.2,891
564,Bavagaru Bagunnara?,1998,U,"Comedy, Drama, Romance            ",154,7.1,380
573,Choodalani Vundi,1998,U,"Action, Drama, Romance            ",148,7.1,369
614,Anthahpuram,1998,A,"Action, Drama            ",137,7.6,320
631,Rayudu,1998,,Family            ,150,4.2,307
652,Khaidi Garu,1998,,Action            ,150,4,291
727,Suryavamsam,1998,U,Drama            ,156,7.1,236
731,Premante Idera,1998,,"Romance, Drama            ",0,6.7,235
759,Ganesh,1998,,"Action, Drama, Thriller            ",0,7.2,217
803,Chandralekha,1998,U,"Comedy, Romance            ",151,6.7,190
851,Aavida Maa Aavide,1998,U,"Comedy, Romance            ",153,6.4,157
1226,Sandhippoma,1998,,"Drama, Romance            ",136,8.2,65
1286,Subhakankshalu,1998,U,"Comedy, Drama            ",154,7.3,59
161,Thammudu,1999,U,"Action, Drama, Sport            ",160,7.8,2279
196,Raja Kumarudu,1999,,"Comedy, Drama, Romance            ",0,6.7,1806
449,Yamajaathakudu,1999,,"Action, Comedy, Fantasy            ",140,4.9,579
548,Samarasimha Reddy,1999,UA,"Action, Drama            ",148,7.1,402
609,Postman,1999,,Action            ,145,3.6,321
671,Sri Ramulayya,1999,,Action            ,0,4.8,276
703,Sneham Kosam,1999,U,"Action, Drama            ",169,6.5,253
775,Thodarum,1999,,"Drama, Romance            ",149,5.4,210
813,Ravoyi Chandamama,1999,U,"Drama, Romance            ",0,4.8,179
829,Iddaru Mitrulu,1999,,"Drama, Musical            ",142,5.2,168
837,Seenu,1999,U,Romance            ,0,5.6,165
872,Devi,1999,Unrated,"Drama, Fantasy            ",140,6.6,149
901,Prema Katha,1999,U,"Drama, Romance            ",123,6.3,135
904,Sitaramaraju,1999,,"Action, Drama, Romance            ",0,5.7,133
993,Swayamvaram,1999,,"Drama, Romance            ",0,6.9,105
1041,Samudram,1999,,"Action, Crime, Drama            ",0,6.7,94
1156,Sultan,1999,U,Family            ,143,5.7,76
218,Badri,2000,U,"Comedy, Drama, Romance            ",158,7.1,1556
412,Yuvaraju,2000,,Romance            ,165,5.7,671
414,Vamsee,2000,,Action            ,145,4.8,662
482,Nuvve Kavali,2000,U,Romance            ,153,7.5,508
525,Rayalaseema Ramanna Chowdary,2000,,"Action, Drama            ",164,6.3,431
541,Kalisundam Raa,2000,U,Drama            ,156,7.3,414
557,Annayya,2000,U,"Comedy, Drama, Family            ",157,6.6,389
781,Azaad,2000,,"Action, Drama            ",0,6.2,205
786,Jayam Manadera,2000,,Drama            ,151,6.3,202
855,Chiru Navvuto,2000,U,"Comedy, Drama, Romance            ",147,7.2,156
884,Nuvvu Vasthavani,2000,,"Family, Romance            ",158,6.7,142
891,Ninne Premistha,2000,U,Romance            ,0,6.1,138
906,Sparsha,2000,U,"Drama, Musical, Romance            ",154,6.9,132
962,Kshemanga Velli Labhamga Randi,2000,,Comedy            ,0,6.7,114
997,Yuvakudu,2000,,Romance            ,145,7,104
1059,Manoharam,2000,U,"Action, Drama            ",0,7.1,91
1211,Dollar Dreams,2000,U,Drama            ,100,7.9,67
1242,Vamsodharakudu,2000,,Drama            ,0,6.4,64
1277,Ammo Okato Tariku,2000,,Family            ,0,7.3,60
1329,Biwi No. 2,2000,,Romance            ,0,5.8,55
1368,Baachi,2000,,Action            ,0,4.7,51
91,Khushi,2001,U,"Drama, Romance            ",169,7.9,3783
98,Murari,2001,,"Drama, Romance, Thriller            ",180,7.8,3630
103,Nuvvu Naaku Nachchav,2001,U,"Musical, Comedy, Family            ",184,8.7,3475
187,Aalavandhan,2001,A,"Action, Thriller            ",177,7.1,1891
228,Student No. 1,2001,U,"Action, Crime, Drama            ",130,6.8,1502
231,Love Ke Liye Kuch Bhi Karega,2001,,"Comedy, Crime, Romance            ",131,6,1490
473,Adhipathi,2001,,"Action, Drama            ",151,5.5,521
511,Narasimha Naidu,2001,,"Action, Drama            ",161,7,462
539,Dum Dum Dum,2001,,"Comedy, Romance            ",151,7,415
669,Subbu,2001,,Drama            ,0,4.4,277
695,Sri Manjunatha,2001,U,"Drama, Family, History            ",152,6.9,259
714,Mrugaraaju,2001,U,"Action, Adventure, Thriller            ",147,4.4,244
730,Ninnu Choodalani,2001,,Romance            ,0,4.4,235
744,Manasantha Nuvve,2001,,"Drama, Family, Romance            ",157,7.1,229
747,Devi Putrudu,2001,,"Drama, Fantasy            ",161,5.8,227
765,Anandam,2001,,Romance            ,165,7.1,216
810,Nuvvu Nenu,2001,,Romance            ,135,6.7,185
846,Itlu Sravani Subramanyam,2001,,"Drama, Romance            ",134,6.5,160
863,Hanuman Junction,2001,U,"Drama, Action, Comedy            ",158,6.8,154
965,Eduruleni Manishi,2001,U,"Comedy, Drama            ",138,4.5,112
1012,Snehamante Idera,2001,U,"Comedy, Drama            ",0,4.3,100
1017,Devullu,2001,U,Drama            ,0,7,100
1022,Prematho Raa,2001,U,Romance            ,0,5.8,98
1028,Budget Padmanabham,2001,U,"Comedy, Drama            ",0,5.7,96
1099,Family Circus,2001,U,"Drama, Family            ",127,6.6,85
1167,Akasa Veedhilo,2001,,"Drama, Family            ",0,4.9,74
1183,Bava Nachadu,2001,,"Comedy, Drama, Romance            ",0,3.9,71
1241,Priyamyna Neeku...,2001,,"Drama, Romance            ",0,6.8,64
1369,Ammo Bomma,2001,,"Comedy, Horror, Thriller            ",0,6.1,51
1399,9 Nelalu,2001,U,Drama            ,0,7.3,49
124,Manmadhudu,2002,U,"Comedy, Romance            ",142,8.3,3046
170,Indra,2002,U,"Action, Drama            ",173,7.4,2129
197,Baba,2002,,"Action, Drama, Fantasy            ",179,5.1,1795
253,Takkari Donga,2002,U,"Action, Adventure, Comedy            ",165,6.8,1272
255,Pammal K. Sambandam,2002,U,"Comedy, Musical            ",155,7.1,1266
284,Aadi,2002,A,"Action, Drama, Romance            ",157,7.2,1096
328,Khadgam,2002,UA,"Action, Crime, Drama            ",142,7.7,901
408,Nuvve.. Nuvve...,2002,,"Drama, Romance            ",168,7.4,685
430,Bobby,2002,,"Drama, Romance            ",161,3.7,605
445,Idiot,2002,U,"Action, Comedy, Romance            ",139,7.1,585
479,Santosham,2002,U,"Drama, Romance            ",150,7.1,513
508,Tappu Chesi Pappu Koodu,2002,,Comedy            ,147,5.4,467
578,Chenna Kesava Reddy,2002,UA,"Action, Drama            ",143,6,360
625,Vasu,2002,,"Drama, Romance            ",146,6.9,314
661,Allari Ramudu,2002,,"Action, Comedy, Drama            ",0,4.3,284
675,Kondaveeti Simhasanam,2002,U,"Action, Drama            ",180,4,272
685,Eeshwar,2002,,"Action, Drama            ",0,5.2,265
734,Jayam,2002,,"Action, Drama, Romance            ",152,6.3,234
792,Avunu Valliddaru Ishtapaddaru,2002,U,"Comedy, Romance, Drama            ",150,6.6,198
1003,Nuvvu Leka Nenu Lenu,2002,U,Romance            ,150,6.3,103
1008,Sontham,2002,,Action            ,0,6.9,101
1097,Show,2002,U,"Comedy, Drama            ",120,7,85
1168,Totti Gang,2002,,Comedy            ,0,6.7,74
1169,Allari,2002,,"Comedy, Romance            ",0,6.7,73
1180,Nandhi,2002,UA,"Action, Drama            ",125,7.2,71
1184,Seema Simham,2002,,"Action, Drama            ",0,5,71
1185,Sandade Sandadi,2002,,"Comedy, Drama            ",0,6.1,71
1303,123,2002,,Comedy            ,127,5.7,57
1306,Nee Sneham,2002,,Drama            ,141,6.4,57
1359,Kalusukovalani,2002,U,Romance            ,0,6.6,52
38,Okkadu,2003,U,"Action, Romance, Sport            ",170,8,8118
152,Simhadri,2003,,"Action, Drama            ",170,7.4,2371
176,Tagore,2003,U,"Action, Drama            ",175,7.8,2032
222,Nijam,2003,UA,Action            ,196,6.6,1540
252,Aithe,2003,U,"Action, Adventure, Thriller            ",140,8.1,1297
297,Vishnu,2003,,"Action, Romance            ",180,5.5,1031
312,Johnny,2003,U,"Action, Drama            ",180,5.4,964
396,Amma Nanna O Tamila Ammayi,2003,,"Action, Drama, Sport            ",154,7.3,715
440,Golmaal,2003,,Comedy            ,130,7,588
519,Gangotri,2003,U,"Action, Drama, Romance            ",0,4.6,440
582,Ennaku 20 Unakku 18,2003,,"Drama, Musical, Romance            ",0,5.3,355
590,Shivamani,2003,U,"Action, Romance            ",143,6.3,341
644,Jay Jay,2003,,Romance            ,156,5.6,297
645,Naaga,2003,,Action            ,0,3.9,295
674,Raghavendra,2003,,"Action, Drama, Romance            ",151,4.9,274
716,Dil,2003,,"Action, Romance            ",180,7,243
791,Satyam,2003,,Romance            ,144,6.7,198
808,Palnati Brahmanayudu,2003,,"Action, Drama            ",180,2.5,187
816,Vasantham,2003,,"Drama, Romance            ",0,5.6,178
862,Pellam Oorelithe,2003,U,"Comedy, Drama            ",149,6.8,154
882,Kadhal Sadugudu,2003,UA,"Action, Drama            ",138,5.7,142
903,Missamma,2003,,Drama            ,0,7,134
978,Veede,2003,,"Action, Drama            ",180,4.9,109
1016,Dongodu,2003,,Comedy            ,144,4.9,100
1042,Kabaddi Kabaddi,2003,U,"Comedy, Drama, Romance            ",137,6.7,94
1206,Ela Cheppanu,2003,,Romance            ,0,6.1,68
1254,Partha,2003,UA,"Action, Romance            ",147,7.1,62
1260,Okariki Okaru,2003,U,Romance            ,0,7.7,61
1283,Ee Abbai Chala Manchodu,2003,U,Comedy            ,0,5.1,59
1349,Maa Alludu Verygood,2003,,Romance            ,0,5.9,53
1351,Sambaram,2003,,Drama            ,0,5.8,53
1361,Neeku Nenu Naaku Nuvvu,2003,,Drama            ,0,4.8,52
1373,Kalyana Ramudu,2003,,nan,0,6.9,51
1398,Ninney Ishta Paddaanu,2003,U,nan,0,5.9,49
74,Arya,2004,U,"Action, Drama, Romance            ",151,7.8,4818
131,Malliswari,2004,U,"Comedy, Romance            ",150,7.8,2747
143,Aa Naluguru,2004,,Drama            ,141,8.5,2464
175,7/G Rainbow Colony,2004,A,"Drama, Romance            ",185,7.8,2042
179,Sye,2004,A,"Action, Drama, Sport            ",167,7.4,1961
195,Anand,2004,U,"Comedy, Drama, Musical            ",180,7.8,1814
217,Arjun,2004,U,Action            ,0,6.5,1562
234,Shankar Dada MBBS,2004,U,Comedy            ,174,7.4,1479
271,Suryam,2004,U,"Action, Romance            ",150,5.1,1150
275,Varsham,2004,,"Action, Comedy, Romance            ",159,7.1,1139
287,Naani,2004,,Romance            ,155,5.2,1084
290,Mass,2004,UA,"Action, Drama            ",170,6.4,1068
307,Kaadhal,2004,,Romance            ,122,7.5,986
338,Gharshana,2004,A,"Action, Crime, Drama            ",159,7.3,872
350,Gudumba Shankar,2004,U,"Action, Comedy, Drama            ",176,5.7,829
480,Venky,2004,,"Action, Mystery            ",162,7.3,511
483,Samba,2004,UA,Action            ,162,4.9,507
498,Anji,2004,U,"Action, Adventure, Drama            ",148,5.8,484
538,Naa Autograph Sweet Memories,2004,,"Drama, Romance            ",148,7.3,415
549,Andhrawala,2004,U,"Action, Drama            ",180,3.5,402
563,Shiva Shankar,2004,,"Drama, Family            ",125,4.4,381
587,Lakshmi Narasimha,2004,U,"Action, Drama            ",171,6.5,349
649,Morning Raga,2004,,"Drama, Music            ",110,6.9,292
707,Adavi Ramudu,2004,UA,"Action, Romance            ",0,4,249
750,Hyderabad Blues 2,2004,A,"Drama, Comedy            ",0,6.2,225
758,Nenunnanu,2004,,Action            ,0,5.3,218
784,Vijayendra Varama,2004,A,"Action, Thriller            ",0,2,203
854,Sri Anjaneyam,2004,,Fantasy            ,174,4.4,156
920,Ranga (S.S.L.C),2004,UA,"Action, Comedy, Drama            ",0,6.2,128
1064,Yagnam,2004,UA,Action            ,144,6.3,90
1116,Grahanam,2004,A,Drama            ,91,8,82
1157,Love Today,2004,,"Drama, Romance            ",0,7.8,76
1172,143,2004,,"Action, Romance, Thriller            ",143,5.2,72
1255,Athade Oka Sainyam,2004,,Action            ,0,7.1,62
1292,Kaasi,2004,,Romance            ,0,6.7,58
1338,Nenu,2004,,nan,72,6.5,54
18,Athadu,2005,U,"Action, Thriller            ",172,8.2,11459
95,Chatrapathi,2005,UA,"Action, Drama            ",158,7.6,3700
97,Sachein,2005,UA,"Comedy, Drama, Romance            ",145,6.9,3643
132,Nuvvostanante Nenoddantana,2005,,Romance            ,165,7.7,2744
240,Anukokunda Oka Roju,2005,U,"Mystery, Thriller            ",145,8,1426
267,Political Rowdy,2005,,Action            ,155,5.2,1199
272,Balu,2005,U,"Action, Crime            ",169,6,1148
283,Sree,2005,,Action            ,135,5.3,1097
333,Bunny,2005,U,"Action, Drama            ",139,5.7,890
458,Super,2005,UA,"Action, Comedy            ",151,5.1,564
460,Chakram,2005,,Drama            ,0,6,561
462,Bhadra,2005,A,Action            ,153,6.7,555
501,Jai Chiranjeeva,2005,U,"Action, Comedy, Drama            ",174,5.8,482
521,Narasimhudu,2005,A,"Action, Drama            ",0,2.9,434
567,Naa Alludu,2005,,Romance            ,0,3.4,378
571,Maja,2005,U,"Action, Comedy, Romance            ",139,5.1,372
599,Meesrti,2005,,Action            ,90,3.6,331
613,Andarivaadu,2005,,"Action, Comedy, Drama            ",162,4.4,320
618,Allari Pidugu,2005,U,"Action, Drama, Romance            ",171,2.7,319
683,Sankranthi,2005,U,Drama            ,160,6.2,266
696,Vennela,2005,UA,Romance            ,133,7,258
749,Subhash Chandra Bose,2005,U,"Action, Drama, History            ",0,3.1,225
780,Bhageeratha,2005,,"Action, Drama            ",0,5.6,205
828,Veerabhadra,2005,,Action            ,169,2.5,169
867,A Film by Aravind,2005,A,"Horror, Mystery            ",150,7.1,151
877,Andhrudu,2005,A,"Action, Drama            ",155,6.6,146
922,Athanokkade,2005,,"Action, Drama            ",147,6.8,127
957,Allari Bullodu,2005,,Romance            ,175,2.9,115
990,Gowtham SSC,2005,,Drama            ,150,5.9,106
1027,Soggadu,2005,,Romance            ,0,4.8,96
1135,Evadi Gola Vadide,2005,UA,"Comedy, Drama, Romance            ",150,6.4,79
1201,Radha Gopalam,2005,,Drama            ,153,6.3,69
1251,Avunanna Kadanna,2005,U,Romance            ,0,5.7,63
1312,Kashi from Village,2005,U,"Action, Drama            ",143,6.6,56
1340,Dhairyam,2005,,Romance            ,0,3.8,54
1365,Nammanna,2005,UA,"Action, Drama            ",0,6.3,51
5,Dhoom:2,2006,UA,"Action, Thriller            ",152,6.5,22983
16,Pokiri,2006,A,"Action, Thriller            ",164,7.9,12137
39,Bommarillu,2006,U,"Comedy, Drama, Romance            ",170,8.2,8111
99,Vikramarkudu,2006,A,Action            ,140,7.7,3571
147,Happy,2006,U,"Action, Comedy, Drama            ",152,7,2424
215,Sainikudu,2006,UA,Action            ,169,5.1,1568
269,Stalin,2006,UA,"Action, Drama            ",168,5.9,1168
270,Godavari,2006,U,"Drama, Romance            ",160,7.8,1159
280,Asthram,2006,U,"Action, Crime, Thriller            ",140,5.8,1117
298,Rakhi,2006,UA,"Action, Drama            ",173,6.3,1029
373,Annavaram,2006,UA,"Action, Drama            ",175,4.8,768
398,Bangaram,2006,A,"Action, Drama            ",178,4.7,710
416,Veyyil,2006,UA,Drama            ,136,7.7,655
423,Pournami,2006,,"Action, Drama, Mystery            ",160,5.8,626
435,Ashok,2006,A,Action            ,0,5.7,596
517,Vanaja,2006,,Drama            ,111,7.1,452
543,Lakshmi,2006,U,"Action, Drama            ",0,5.8,410
589,Style,2006,U,Musical            ,160,6,342
600,Khatarnak,2006,A,"Action, Comedy            ",152,3.6,331
602,Sri Ramadasu,2006,,"Biography, Musical            ",0,7,330
626,Shiva,2006,A,"Action, Crime, Drama            ",160,4,314
641,E,2006,U,"Action, Drama, Thriller            ",150,6.4,299
653,Thimiru,2006,U,Action            ,155,5.7,290
662,Devadasu,2006,,Romance            ,175,5,283
672,Boss,2006,U,Romance            ,151,4.2,276
681,Chukkallo Chandrudu,2006,,Drama            ,146,5.4,268
719,Shock,2006,,Action            ,0,5.4,241
850,Ranam,2006,UA,Action            ,0,6.5,159
899,Kitakitalu,2006,UA,"Comedy, Drama            ",150,5.8,135
924,Amma Cheppindi,2006,,Drama            ,0,7.1,126
977,Hyderabad Nawabs,2006,A,Comedy            ,118,6.9,109
1114,Pellaina Kothalo,2006,U,Drama            ,180,6.2,82
1146,Andala Ramudu,2006,,Comedy            ,0,5.6,78
1158,Samanyudu,2006,UA,Action            ,0,7.2,76
1344,Mayabazaar,2006,U,"Comedy, Family            ",150,6.7,54
1360,Raam,2006,,Drama            ,0,4.3,52
53,Billa,2007,UA,"Action, Thriller            ",130,7.2,6144
80,Happy Days,2007,U,Drama            ,153,7.9,4416
110,Yamadonga,2007,UA,"Action, Comedy, Fantasy            ",185,7.3,3341
150,Dhee,2007,,Comedy            ,142,7.4,2383
201,Chirutha,2007,,Action            ,117,5.3,1736
203,Athidhi,2007,A,Action            ,300,5.5,1691
243,Desamuduru,2007,UA,"Action, Drama            ",148,6.1,1378
258,Vel,2007,U,"Action, Comedy, Drama            ",160,6,1246
301,Aadavari Matalaku Ardhalu Verule,2007,U,"Comedy, Drama, Romance            ",157,7.4,1012
348,Raju Bhai,2007,,Drama            ,139,5.9,831
353,Dubai Seenu,2007,U,"Action, Comedy            ",157,6.5,822
361,Munna,2007,,Action            ,167,5.6,793
366,Shankardada Zindabad,2007,U,Comedy            ,152,5.2,781
455,Jagadam,2007,A,Action            ,163,6.8,566
493,Okkadunnadu,2007,A,"Action, Thriller            ",119,7.3,490
514,Yogi,2007,UA,"Action, Drama            ",155,4.5,458
551,Kalloori,2007,U,Drama            ,140,7.3,400
569,Thulasi,2007,UA,Action            ,0,5.4,376
572,Aata,2007,,"Comedy, Drama, Romance            ",138,4.7,370
608,Anasuya,2007,A,"Crime, Mystery, Thriller            ",139,7.3,323
706,Lakshyam,2007,UA,"Action, Drama, Romance            ",164,6.1,249
715,Bharani,2007,U,"Action, Drama            ",145,5.8,243
740,Chandamama,2007,U,"Drama, Romance            ",0,6.7,232
804,Maharadhi,2007,,Action            ,149,2.1,189
923,Seema Sastry,2007,,"Action, Comedy            ",136,6.3,126
1056,Mantra,2007,A,"Crime, Thriller            ",128,6.8,91
1065,Mee Sreyobhilashi,2007,U,Drama            ,0,7.6,90
1078,Operation Duryodhana,2007,A,"Action, Crime, Drama            ",157,5.8,88
1213,Athili Sathibabu LKG,2007,UA,Comedy            ,149,5.3,67
1223,Madhumasam,2007,U,Romance            ,139,6.6,66
1250,Lakshmi Kalyanam,2007,,"Action, Drama            ",0,5.3,63
1317,Classmates,2007,U,"Drama, Mystery, Romance            ",156,6.1,56
1356,Malaikottai,2007,U,Action            ,144,5.2,52
1371,Evadithe Nakenti,2007,U,"Action, Crime, Drama            ",0,6.5,51
1381,Takkari,2007,,Comedy            ,0,4.5,50
63,Jalsa,2008,A,"Action, Comedy            ",161,7.3,5294
128,Gamyam,2008,,Drama            ,120,8.3,2762
154,Parugu,2008,U,"Action, Romance            ",159,7,2355
178,Bujjigaadu: Made in Chennai,2008,A,"Action, Drama            ",150,6.4,1970
219,Krishnarjuna,2008,U,"Comedy, Drama, Romance            ",134,4.9,1553
257,Saroja,2008,U,"Adventure, Comedy, Crime            ",156,7.1,1255
278,Abhiyum Naanum,2008,U,"Comedy, Drama, Family            ",147,7.6,1126
286,Pandurangadu,2008,UA,"Drama, Fantasy            ",156,5.2,1086
313,King,2008,,"Action, Comedy, Crime            ",131,6.5,963
322,Nenu Meeku Telusa...?,2008,,Thriller            ,132,6.9,916
344,Kuselan,2008,U,"Comedy, Drama, Family            ",165,4.7,849
346,Kantri,2008,,Action            ,166,4.9,832
386,Ashta Chamma,2008,U,Comedy            ,126,7.3,733
446,Neninthe,2008,UA,"Action, Drama            ",126,6.8,583
459,Krishna: The Power of Indrakeeladri,2008,,"Action, Comedy, Drama            ",147,6.3,561
478,Kotha Bangaru Lokam,2008,,Romance            ,160,6.8,514
506,Okka Magadu,2008,A,"Action, Comedy, Drama            ",150,2.1,474
513,Chintakayala Ravi,2008,,"Comedy, Drama, Romance            ",150,5.5,460
717,Ullasanga Utsahanga,2008,,Romance            ,0,6.9,242
793,Baladoor,2008,UA,"Action, Comedy            ",0,4,197
847,Sathyam,2008,UA,"Action, Drama            ",137,5.1,160
870,Souryam,2008,UA,"Action, Drama            ",151,5.8,149
871,Blade Babji,2008,U,Comedy            ,150,6.4,149
897,Aatadista,2008,,"Action, Comedy, Drama            ",146,4.2,137
930,Bhale Dongalu,2008,,Romance            ,130,4.2,123
941,Ontari,2008,,Action            ,0,5.8,121
948,Mr. Medhavi,2008,U,"Drama, Romance            ",0,5.8,117
984,Hare Ram,2008,A,"Action, Thriller            ",134,6.4,107
1006,Bommana Brothers Chanadana Sisters,2008,,Comedy            ,161,5.7,102
1020,Pourudu,2008,UA,Action            ,0,5.4,99
1062,Siddu from Srikakulam,2008,U,Comedy            ,0,5.4,90
1063,Nachavule,2008,,Romance            ,0,7.3,90
1155,Dongala Bandi,2008,,Comedy            ,0,6,76
1163,Avakai Biryani,2008,U,"Family, Romance            ",0,6.9,75
1189,Kaamannana Makkalu,2008,UA,"Action, Comedy, Drama            ",0,6.8,70
1190,Vinayakudu,2008,U,"Comedy, Romance            ",133,7.1,70
1221,Vaana,2008,U,Romance            ,0,6.5,66
1230,Visakha Express,2008,A,"Action, Crime, Drama            ",99,5,65
1262,Homam,2008,UA,Action            ,148,5.8,61
1278,Raksha,2008,,Horror            ,0,6.1,60
1370,Swagatam,2008,,Drama            ,0,5.8,51
1382,Victory,2008,,"Action, Drama            ",143,4.3,50
10,Magadheera,2009,A,"Action, Drama, Fantasy            ",166,7.6,17542
66,Arya 2,2009,UA,"Action, Comedy            ",155,7.4,5164
88,Kick,2009,UA,"Action, Comedy            ",155,7.8,3874
139,Arundhati,2009,A,"Horror, Mystery, Thriller            ",131,7.3,2564
221,Saleem,2009,,"Action, Comedy            ",120,4.6,1542
230,Billa,2009,A,"Action, Thriller            ",149,6.1,1491
236,Kanthaswamy,2009,UA,Action            ,190,5,1468
302,Prayanam,2009,,Romance            ,130,7.1,996
304,Konchem Ishtam Konchem Kashtam,2009,,Romance            ,165,7,992
369,Quick Gun Murugun: Misadventures of an Indian Cowboy,2009,,"Action, Comedy, Drama            ",97,5.9,775
372,Ek Niranjan,2009,A,Action            ,150,5.2,768
407,Oy!,2009,,Romance            ,166,6.7,687
472,Raju Maharaju,2009,,Family            ,155,6.2,522
558,Mesthri,2009,,Drama            ,137,4.6,387
585,Josh,2009,UA,"Action, Family            ",167,6.2,351
601,Ritu,2009,U,"Drama, Family            ",137,7.1,330
651,Anjaneyulu,2009,A,"Action, Comedy, Crime            ",143,4.8,291
700,Maska,2009,,"Action, Comedy, Drama            ",156,5.2,254
736,Ganesh,2009,UA,Romance            ,0,5,233
832,Sasirekha Parinayam,2009,U,Romance            ,157,5.3,167
833,Bendu Apparao RMP,2009,,Comedy            ,0,6.7,167
843,Mahathma,2009,,"Action, Crime, Drama            ",0,5.9,161
844,Baanam,2009,UA,"Action, Drama            ",115,7.1,161
881,Rechipo,2009,A,Action            ,156,3.3,143
926,Sankham,2009,A,"Action, Comedy            ",155,5,125
927,Ride,2009,,Drama            ,0,5.2,125
947,Mitrudu,2009,UA,Drama            ,0,4.3,118
1023,Bumper Offer,2009,,Romance            ,0,4.9,98
1077,Fitting Master,2009,UA,"Action, Comedy, Crime            ",146,5.5,88
1134,Current,2009,,Romance            ,0,5.6,79
1248,Katha,2009,,Drama            ,0,6.5,63
1261,Kurradu,2009,A,Action            ,133,4.5,61
1275,Village lo Vinayakudu,2009,U,Action            ,0,6.7,60
1291,Snehithuda,2009,,Romance            ,0,5.6,58
1341,Pravarakyudu,2009,,Family            ,154,5.7,54
1394,Evaraina Eppudaina,2009,,Romance            ,0,4.9,49
41,Khaleja,2010,UA,"Action, Comedy, Fantasy            ",170,7.5,7893
50,Vedam,2010,A,"Action, Drama            ",135,8.1,6492
89,Leader,2010,UA,Drama            ,167,8,3868
93,Rakhta Charitra,2010,A,"Action, Biography, Crime            ",125,7.6,3718
101,Brindaavanam,2010,UA,"Action, Comedy, Drama            ",169,7.1,3511
126,Orange,2010,U,"Comedy, Drama, Romance            ",162,6.6,2837
133,Ye Maaya Chesave,2010,UA,Romance            ,155,7.7,2697
149,Prasthanam,2010,,"Action, Drama            ",153,8.3,2390
155,Rakhta Charitra 2,2010,A,"Action, Biography, Crime            ",135,6.4,2338
156,Maryada Ramanna,2010,U,"Action, Comedy, Drama            ",125,7.4,2337
165,Adhurs,2010,UA,"Action, Comedy, Thriller            ",150,6.7,2196
191,Prince,2010,UA,"Action, Sci-Fi, Thriller            ",138,4.2,1838
237,Komaram Puli,2010,,"Action, Crime, Thriller            ",163,3.5,1463
251,Simha,2010,,"Action, Drama            ",155,5.8,1307
285,Jhummandi Naadam,2010,,Drama            ,145,5.3,1094
336,Varudu,2010,UA,"Action, Drama, Thriller            ",150,3.5,877
358,Ragada,2010,A,"Action, Comedy            ",146,6.1,805
371,Thamizh Padam,2010,U,Comedy            ,160,7.3,771
374,Bindaas,2010,,"Action, Drama, Family            ",143,6.8,767
400,Don Seenu,2010,,"Action, Comedy            ",164,6,704
492,Sambo Siva Sambho,2010,UA,"Action, Drama            ",160,6.8,491
500,Uthama Puthiran,2010,,"Comedy, Romance            ",169,5.6,482
507,Phoonk 2,2010,A,"Drama, Horror, Mystery            ",110,3.1,472
520,Golimar,2010,A,Action            ,160,5.9,435
555,Namo Venkatesa,2010,,"Action, Crime, Romance            ",152,5.4,391
581,Nagavalli,2010,,"Action, Fantasy, Thriller            ",115,4.4,357
689,Police Police,2010,A,Action            ,142,5.6,261
692,Rama Rama Krishna Krishna,2010,UA,"Action, Comedy, Drama            ",161,5.4,260
718,Kedi,2010,UA,Action            ,153,4.7,241
836,Andari Bandhuvaya,2010,U,Drama            ,134,7.3,165
858,Baava,2010,U,Drama            ,145,4.7,155
886,Life Before Wedding,2010,Not Rated,"Comedy, Drama, Romance            ",100,7.2,141
934,Bheemli Kabadi Jattu,2010,,Sport            ,0,7.3,122
994,Seetharamula Kalyanam Lankalo,2010,,"Action, Comedy, Drama            ",142,4.3,104
1011,Panchakshari,2010,,"Drama, Fantasy, Thriller            ",129,3.8,100
1106,Kathi Kanta Rao,2010,,Comedy            ,0,6.5,84
1113,Om Shanti,2010,,Romance            ,0,5.1,82
1133,Broker,2010,,Drama            ,0,7.3,79
1212,Betting Bangarraju,2010,U,Comedy            ,0,6.3,67
1229,Kiccha Huccha,2010,UA,"Drama, Romance            ",139,6,65
1240,Kalyan Ram Kathi,2010,UA,"Action, Drama            ",129,6,64
1273,Mansara,2010,,Drama            ,0,7.2,60
1274,Gaayam 2,2010,,"Action, Crime, Drama            ",0,5.4,60
1282,Mr. Theertha,2010,UA,"Action, Drama, Family            ",137,6.5,59
1284,Yemaindi Ee Vela,2010,,"Drama, Romance            ",0,5.4,59
1290,Saradaga Kasepu,2010,U,Comedy            ,125,5.6,58
1307,Maro Charitra,2010,U,Romance            ,0,3.4,57
1357,Thakita Thakita,2010,UA,"Drama, Romance            ",138,6.5,52
1358,Inkosari,2010,,Drama            ,0,6.5,52
1367,Sneha Geetham,2010,,Drama            ,0,6.4,51
4,Ra.One,2011,U,"Action, Adventure, Sci-Fi            ",156,4.6,37211
15,Dookudu,2011,UA,"Action, Comedy            ",170,7.4,12295
27,7 Aum Arivu,2011,U,"Action, Sci-Fi, Thriller            ",160,6.2,9482
102,Panjaa,2011,A,"Action, Thriller            ",156,6.5,3479
116,Oosaravelli,2011,UA,"Action, Thriller            ",145,6.6,3122
125,Mr Perfect,2011,U,"Drama, Romance            ",144,7.1,2917
141,Pilla Zamindar,2011,U,"Comedy, Drama            ",148,7.7,2494
142,100% Love,2011,U,"Comedy, Drama, Romance            ",141,7,2493
148,Ala Modalaindi,2011,,"Comedy, Drama, Romance            ",136,7.7,2394
209,Badrinath,2011,A,Action            ,140,4.3,1640
235,Teen Maar,2011,,"Comedy, Drama, Romance            ",149,5.6,1476
299,Oh My Friend,2011,,Romance            ,130,6.6,1015
321,Mirapakai,2011,UA,"Action, Comedy, Drama            ",160,6.3,916
326,Sakthi,2011,A,"Action, Fantasy            ",161,3.5,909
335,Sri Rama Rajyam,2011,,"Drama, Fantasy            ",172,6.7,885
339,Gaganam,2011,U,"Action, Crime, Thriller            ",120,7.1,869
352,Vastadu Naa Raju,2011,,"Action, Romance            ",135,5.8,823
420,Kandireega,2011,,"Action, Comedy, Romance            ",130,6.2,638
499,Dhada,2011,UA,"Action, Comedy            ",147,3.7,483
503,Anaganaga O Dheerudu,2011,PG-13,"Action, Adventure, Family            ",133,5.1,478
527,Rajanna,2011,,"Action, Drama, History            ",132,6.5,429
533,Nenu Naa Rakshasi,2011,,"Action, Drama            ",140,5,423
547,Parama Veera Chakra,2011,UA,"Action, Drama            ",160,2,402
552,Veera,2011,UA,"Action, Comedy, Drama            ",156,3.8,399
580,Nadunisi Naaygal,2011,,"Mystery, Thriller            ",120,4.6,357
647,Golkonda High School,2011,,"Drama, Family            ",130,6.8,294
735,Mugguru,2011,U,Comedy            ,0,5,233
785,Mogudu,2011,UA,Drama            ,159,3.8,202
790,Bezawada,2011,A,"Action, Crime            ",105,3.3,198
802,Katha Screenplay Darsakatvam: Appalaraju,2011,,Comedy            ,0,5,190
820,Dongala Mutha,2011,U,"Action, Crime, Thriller            ",90,3.7,173
842,Seema Tapakai,2011,,Comedy            ,128,6.1,163
940,Prema Kavali,2011,,Romance            ,166,5.8,121
952,Aha Naa Pellanta,2011,UA,Comedy            ,142,5.4,116
974,Nuvvila,2011,U,"Comedy, Drama, Romance            ",139,6.8,110
1210,Madatha Kaaja,2011,UA,Comedy            ,141,5.4,67
1259,It's My Love Story,2011,,Romance            ,0,5.9,61
1305,Jai Bolo Telangana,2011,,History            ,0,6.7,57
1380,Raaj,2011,UA,"Drama, Romance            ",155,4.6,50
1392,Money Money More Money,2011,,Comedy            ,0,4.3,49
6,Eega,2012,UA,"Action, Fantasy            ",145,7.7,20636
22,Nanban,2012,U,"Comedy, Drama            ",188,7.4,10973
25,Billa 2,2012,A,"Action, Thriller            ",129,6.2,10038
29,Business Man,2012,A,"Action, Crime            ",133,7.1,9265
58,Gabbar Singh,2012,UA,"Action, Comedy            ",153,7.1,5550
75,Maattrraan,2012,U,"Action, Sci-Fi, Thriller            ",165,5.9,4741
82,Julayi,2012,UA,"Action, Comedy            ",160,7.2,4329
136,Cameraman Gangatho Rambabu,2012,,"Action, Drama            ",148,5.7,2582
157,Rachcha,2012,UA,Action            ,143,4.3,2336
198,Dhammu,2012,A,"Action, Drama            ",155,5.2,1794
202,Thaandavam,2012,U,"Action, Thriller            ",160,6.1,1691
216,Ishq,2012,,"Comedy, Romance            ",160,7.3,1566
254,Kadhalil Sodhappuvadhu Yeppadi,2012,U,"Comedy, Romance            ",125,7.1,1266
266,Dhenikaina Ready,2012,,"Action, Comedy            ",125,6.1,1201
315,Mugamoodi,2012,,"Action, Adventure            ",150,4.9,950
319,Uu Kodathara Ulikki Padathara,2012,,"Action, Drama, Fantasy            ",0,4.9,933
320,Mr. Nookayya,2012,A,"Action, Comedy            ",140,6.3,928
364,Yeto Vellipoyindhi Manasu,2012,,"Drama, Romance            ",153,7.3,790
402,Krishnam Vande Jagadgurum,2012,UA,Action            ,136,6.9,699
411,Life Is Beautiful,2012,U,"Drama, Romance            ",167,6.4,671
415,Endukante... Premanta,2012,U,"Comedy, Fantasy, Romance            ",154,6.1,655
456,Daruvu,2012,UA,"Action, Comedy, Fantasy            ",159,5,565
457,Damarukam,2012,UA,"Action, Drama, Fantasy            ",157,5.3,565
470,Devudu Chesina Manushulu,2012,,"Action, Comedy, Fantasy            ",124,3.6,524
487,Bhoot Returns,2012,A,"Horror, Mystery, Thriller            ",85,2.5,499
490,Andala Rakshasi,2012,UA,Romance            ,139,7.2,494
579,Sarocharu,2012,U,"Drama, Romance            ",137,4.7,358
583,Bodyguard,2012,U,"Action, Comedy            ",150,5.1,353
635,Nippu,2012,,"Action, Comedy, Drama            ",159,3.8,303
691,Sudigaadu,2012,UA,"Action, Comedy            ",140,5.7,260
705,Adhinayakudu,2012,,"Action, Drama            ",0,3.6,250
721,Mithunam,2012,U,"Drama, Family            ",120,7.7,240
742,Shirdi Sai,2012,U,"Biography, Drama, Musical            ",145,6.7,230
762,Routine Love Story,2012,,"Comedy, Romance            ",124,6,216
782,Minugurulu,2012,,"Drama, Family            ",109,7.5,204
801,Srimannarayana,2012,,Drama            ,135,4.1,190
827,Avunu,2012,,"Horror, Thriller            ",115,6.5,169
841,Krishna Aur Kans,2012,U,"Animation, Action, Adventure            ",117,6.5,163
898,Poola Rangadu,2012,,Comedy            ,0,5.7,135
910,Ee Rojullo,2012,U,"Comedy, Romance            ",129,5.6,130
919,All the Best,2012,UA,Drama            ,0,5.5,128
935,Naa Ishtam,2012,,Drama            ,0,3.5,122
939,Chaarulatha,2012,,"Horror, Thriller            ",116,5.3,121
969,Nuvva Nena,2012,UA,Comedy            ,127,4.6,111
1005,Yamudiki Mogudu,2012,,"Comedy, Fantasy            ",0,4.8,102
1032,Ayyare,2012,,"Drama, Family            ",129,6.9,95
1038,Idhi Mamulu Prema Katha Kaadu,2012,U,Romance            ,127,6.7,94
1181,Sons of Ram,2012,U,"Animation, Drama, Musical            ",85,6.5,71
1220,Onamalu,2012,U,Drama            ,0,8,66
1239,Ko antey koti,2012,,"Comedy, Crime, Romance            ",0,6.2,64
1364,SMS - Siva Manasulo Sruthi,2012,,Comedy            ,0,6.5,51
1366,Neeku Naaku Dash Dash,2012,,Thriller            ,165,6.4,51
3,Dhoom:3,2013,UA,"Action, Thriller            ",172,5.4,42112
7,Krrish 3,2013,U,"Action, Sci-Fi            ",152,5.2,20026
40,Atharintiki Daaredi,2013,U,"Comedy, Drama            ",170,7.2,8081
43,Thalaivaa,2013,U,"Action, Drama, Thriller            ",179,6.1,7744
61,Singam 2,2013,U,"Action, Thriller            ",166,6.3,5378
70,Seethamma Vakitlo Sirimalle Chettu,2013,U,"Comedy, Drama, Family            ",159,7.5,5075
85,Baadshah,2013,UA,"Action, Comedy            ",164,6.4,3898
94,Mirchi,2013,A,"Action, Drama            ",155,7.2,3708
130,Naayak,2013,A,Action            ,153,5.5,2749
151,Iddarammayilatho,2013,UA,"Action, Thriller            ",137,5.7,2376
162,Zanjeer,2013,UA,"Action, Drama            ",137,3.2,2249
199,Ramayya Vastavayya,2013,A,"Action, Drama            ",167,5.1,1773
244,Gunde Jaari Gallanthayyinde,2013,,"Comedy, Drama, Romance            ",150,7.1,1373
247,Theeya Velai Seiyyanum Kumaru,2013,U,Comedy            ,130,6.1,1322
260,Doosukeltha,2013,,"Action, Comedy            ",161,6.7,1238
282,Irandam Ulagam,2013,U,"Action, Fantasy, Romance            ",158,5.7,1103
291,Swamy Ra Ra,2013,UA,Crime            ,120,7.3,1057
300,Balupu,2013,UA,"Action, Comedy            ",145,6,1014
314,Endrendrum Punnagai,2013,UA,"Comedy, Romance            ",155,6.7,952
323,Satya 2,2013,A,"Action, Crime, Drama            ",142,6,915
327,Uyyala Jampala,2013,U,"Drama, Family, Romance            ",124,7.2,904
330,Bachchan,2013,UA,"Action, Crime, Thriller            ",145,6.6,898
351,Potugadu,2013,A,"Comedy, Drama            ",125,5.7,826
355,Sahasam,2013,UA,"Action, Adventure            ",150,6.6,817
357,Alex Pandian,2013,U,Action            ,135,2.4,809
375,Prema Katha Chitram,2013,,"Drama, Horror            ",130,7.1,766
406,Not Today,2013,PG-13,Drama            ,103,5.7,687
469,Aadhi Bhagavan,2013,A,Action            ,157,5.3,525
530,Settai,2013,U,"Action, Comedy, Crime            ",136,4.4,425
532,Tadakha,2013,UA,Action            ,147,5.5,424
586,Greeku Veerudu,2013,,Drama            ,155,4.6,349
646,Venkatadri Express,2013,U,"Adventure, Comedy            ",127,6.9,294
677,Sri Jagadguru Adi Shankara,2013,,Drama            ,0,6.4,270
679,Toofan,2013,,Action            ,137,3,268
680,Ongole Githa,2013,A,"Action, Comedy            ",160,5.1,268
766,Masala,2013,,"Action, Comedy            ",160,5.3,215
770,Gundello Godari,2013,,"Adventure, Drama, Romance            ",108,4.8,213
845,Bhai,2013,UA,"Action, Comedy, Thriller            ",153,3.2,160
861,Jabardasth,2013,UA,Comedy            ,153,3.9,154
907,Case No. 666/2013,2013,UA,"Horror, Thriller            ",110,4.6,132
915,Naa Bangaaru Talli,2013,A,"Crime, Drama, Family            ",126,7.2,129
916,Anthaka Mundu Aa Tarvatha,2013,,"Drama, Romance            ",151,6.6,129
1055,Kevvu Keka,2013,,Comedy            ,125,5.4,91
1076,Sukumarudu,2013,,Drama            ,160,5.3,88
1095,Malini 22,2013,,"Drama, Thriller            ",131,5.1,85
1121,D for Dopidi,2013,,"Comedy, Crime            ",0,5.8,81
1132,Mr. Pellikodukku,2013,U,"Comedy, Drama            ",150,5.2,79
1153,Om 3D,2013,UA,"Action, Thriller            ",107,5.5,76
1154,Action,2013,,Comedy            ,146,5,76
1204,Adda,2013,,Drama            ,0,6,68
1228,Okkadine,2013,,"Action, Romance            ",133,5.6,65
1245,Mantra 2,2013,,"Comedy, Crime, Horror            ",88,4.5,63
1246,Prema Ishq Kaadhal,2013,UA,Drama            ,140,6.8,63
1304,Jaffa,2013,,Comedy            ,160,4.8,57
1313,Aadu Magaadra Bujji,2013,,"Action, Comedy, Romance            ",141,5.9,56
2,1 - Nenokkadine,2014,UA,"Action, Thriller            ",170,8.1,42372
37,Race Gurram,2014,UA,"Action, Comedy            ",163,7.2,8183
49,Veeram,2014,U,Action            ,161,6.5,6661
51,Yevadu,2014,A,"Action, Thriller            ",165,5.6,6373
76,Kochadaiiyaan,2014,U,"Animation, Action            ",124,6.3,4694
90,Anjaan,2014,U,"Action, Musical, Thriller            ",166,5,3818
106,Aagadu,2014,UA,"Action, Comedy            ",165,5.4,3410
109,Drushyam,2014,U,"Crime, Drama, Family            ",150,8.3,3344
194,Govindudu Andari Vaadele,2014,,"Action, Drama            ",160,5.6,1815
214,Rabhasa,2014,A,"Action, Comedy            ",153,4.9,1568
242,Karthikeya,2014,,"Mystery, Thriller            ",113,7.4,1418
259,Pandavulu Pandavulu Thummeda,2014,,Comedy            ,156,6.4,1244
262,Oohalu Gusagusalade,2014,U,"Comedy, Romance            ",128,7.7,1234
263,Rowdy,2014,,"Action, Crime, Drama            ",109,6.4,1230
268,Anukshanam,2014,A,"Crime, Thriller            ",82,6.5,1189
277,Run Raja Run,2014,U/A,"Comedy, Drama            ",137,7.4,1131
308,Current Theega,2014,A,"Action, Comedy, Romance            ",128,5.6,978
324,Pooja,2014,UA,"Action, Drama            ",154,5,912
325,Naan Sigappu Manithan,2014,UA,"Action, Drama, Thriller            ",149,6.5,909
380,Oka Laila Kosam,2014,UA,"Comedy, Romance            ",150,6.1,749
409,Loukyam,2014,UA,"Action, Comedy            ",150,6.4,672
443,Heart Attack,2014,A,"Action, Romance            ",142,5.3,586
463,Erra Buss,2014,,"Comedy, Drama            ",140,6.2,548
560,Alludu Seenu,2014,A,"Action, Comedy            ",151,4.3,386
575,Mukunda,2014,UA,Family            ,142,5.7,367
588,Autonagar Surya,2014,A,"Action, Crime, Drama            ",157,5.6,345
595,Chinnadana Nee Kosam,2014,,"Drama, Romance            ",155,5.3,334
596,Hrudaya Kaleyam,2014,U,Comedy            ,114,5.7,334
598,Prathinidhi,2014,,"Drama, Thriller            ",150,7.4,331
617,Aaha Kalyanam,2014,UA,"Comedy, Romance            ",142,6,319
621,Yaan,2014,U,"Action, Thriller            ",153,3.5,317
624,Madhuram,2014,,"Drama, Fantasy, Romance            ",63,8.3,314
670,Pilla Nuvvu Leni Jeevitham,2014,A,"Action, Drama, Romance            ",160,6,276
693,Geethanjali,2014,A,"Comedy, Horror            ",135,6.3,259
739,Chandamama Kathalu,2014,,Drama            ,134,7.2,232
741,Rowdy Fellow,2014,,"Action, Romance            ",150,6.7,231
831,Anaamika,2014,,Thriller            ,145,5.6,167
883,Ra Ra Krishnayya,2014,,Romance            ,138,5.3,142
963,Kotha Janta,2014,,"Comedy, Drama            ",146,4.7,113
973,Jaihind 2,2014,U,Action            ,155,5.2,110
1031,Emo Gurram Egaravachu,2014,UA,Drama            ,144,5.6,95
1054,Ala Ela,2014,,"Comedy, Romance            ",132,7.3,91
1104,Rough,2014,,Romance            ,180,4.9,84
1105,Paathshala,2014,,Drama            ,117,7.3,84
1131,Brother of Bommali,2014,,"Action, Drama            ",160,5.8,79
1199,Lovers,2014,,Romance            ,130,6.6,69
1209,Brahma,2014,UA,"Action, Comedy, Drama            ",0,5.4,67
1227,Ice Cream 2,2014,A,"Horror, Thriller            ",87,3.6,65
1238,Joru,2014,,Comedy            ,140,5.6,64
1247,Galipatam,2014,A,Drama            ,135,5.7,63
1272,Basanti,2014,UA,Action            ,122,6.5,60
1281,Lakshmi Raave Maa Intiki,2014,,"Drama, Family, Romance            ",152,4.5,59
1323,Amrutham Chandamama Lo,2014,,"Adventure, Comedy, Fantasy            ",139,7.3,55
0,Bahubali: The Beginning,2015,UA,"Action, Drama            ",159,8.1,99114
21,MSG: The Messenger of God,2015,U,"Action, Comedy, Drama            ",197,5.9,11128
23,Srimanthudu,2015,UA,"Action, Drama            ",158,7.5,10778
35,MSG 2 the Messenger,2015,,"Comedy, Drama, Fantasy            ",134,6.7,8413
42,Yennai Arindhaal,2015,UA,"Action, Thriller            ",168,7.3,7746
47,Puli,2015,U,"Action, Adventure, Fantasy            ",155,4.4,7058
59,Temper,2015,UA,"Action, Drama            ",147,7.4,5524
78,OK Kanmani,2015,UA,Romance            ,139,7.4,4632
104,Gopala Gopala,2015,U,"Comedy, Drama, Fantasy            ",153,7.3,3433
107,Masss,2015,U,"Action, Comedy, Horror            ",151,6,3384
111,S/O Satyamurthy,2015,UA,"Action, Drama            ",162,6.9,3265
122,Bale Bale Magadivoy,2015,U,"Comedy, Romance            ",137,7.8,3073
129,Kanche,2015,UA,"Action, Drama, History            ",126,7.9,2755
135,Rudhramadevi,2015,UA,"Action, Biography, History            ",157,5.8,2607
138,Uttama Villain,2015,U,"Comedy, Drama            ",171,7.2,2566
180,Yevade Subramanyam,2015,U,"Adventure, Comedy, Drama            ",150,7.6,1944
193,Thoongaavanam,2015,UA,"Action, Thriller            ",128,7,1821
223,Bruce Lee: The Fighter,2015,UA,"Action, Comedy            ",151,5.5,1537
229,Kumari 21F,2015,A,"Drama, Romance            ",134,7.8,1492
256,Kanchana 2,2015,UA,"Comedy, Horror            ",166,5.5,1263
347,Malli Malli Idhi Rani Roju,2015,UA,"Musical, Romance            ",161,7.5,831
354,Dongata,2015,,Comedy            ,140,6.3,821
356,Dynamite,2015,,"Action, Thriller            ",142,6.6,813
382,Kick 2,2015,UA,"Action, Comedy, Romance            ",170,5.1,747
391,Pataas,2015,A,"Action, Comedy            ",127,6.7,727
397,Jayasurya,2015,U,"Action, Thriller            ",135,6,713
419,Mosagallaku Mosagadu,2015,,"Action, Comedy, Crime            ",127,6.2,639
422,Superstar Kidnap,2015,UA,Thriller            ,120,6.8,627
434,Bengal Tiger,2015,UA,"Action, Comedy            ",145,5.1,600
461,Size Zero,2015,U,"Comedy, Romance            ",125,5.4,556
467,Akhil,2015,UA,"Action, Fantasy            ",130,3.7,530
486,Subramanyam for Sale,2015,,Comedy            ,150,6,499
489,Dohchay,2015,,Action            ,138,5.9,497
542,Pandaga Chesko,2015,UA,"Action, Drama, Family            ",162,5.4,413
591,Surya vs. Surya,2015,,Drama            ,0,6.8,339
597,Mama Manchu Alludu Kanchu,2015,UA,"Action, Comedy            ",136,6.1,331
611,Jil,2015,A,Action            ,141,5.7,320
654,Loafer,2015,,"Action, Drama            ",134,5.2,289
676,Cinema Chupista Maava,2015,,Family            ,143,6.1,271
746,Bhale Manchi Roju,2015,,"Action, Romance            ",134,6.9,228
774,Raju Gari Gadhi,2015,UA,Horror            ,135,5,211
807,Asura,2015,,"Action, Drama            ",120,6.5,187
825,James Bond,2015,,"Action, Comedy            ",142,5.5,170
830,Singham123,2015,,"Action, Comedy            ",116,4.8,167
838,Janda Pai Kapiraju,2015,UA,"Action, Thriller            ",129,6.3,164
860,Courier Boy Kalyan,2015,,"Action, Romance, Thriller            ",145,5.4,154
938,Sankarabharanam,2015,,Comedy            ,154,4.8,121
976,Mard Ki Zabaan 2,2015,,"Action, Romance            ",142,3.7,109
1039,Rey,2015,,"Action, Music            ",168,5,94
1090,Jadoogadu,2015,,Action            ,151,5.5,86
1130,Luv U Alia,2015,UA,"Family, Romance            ",130,5.2,79
1144,Columbus,2015,UA,Comedy            ,127,6.9,78
1162,Jyothi Lakshmi,2015,,Drama            ,135,5.8,75
1179,Krishnamma Kalipindi Iddarini,2015,,"Drama, Romance            ",0,7.3,71
1188,Sher,2015,UA,Action            ,109,4.8,70
1219,Bandipotu,2015,,"Comedy, Crime, Drama            ",140,6.2,66
1301,Kerintha,2015,U,"Drama, Romance            ",141,6.5,57
1302,Tripura,2015,,"Comedy, Horror            ",151,5.7,57
1311,Avunu Part 2,2015,,"Horror, Thriller            ",198,4.9,56
1348,365 Days,2015,,"Drama, Romance            ",110,5.3,53
1363,Taskara,2015,U,Thriller            ,104,6.2,51
14,Theri,2016,U,"Action, Drama            ",157,7.1,12390
20,Kabali,2016,U,"Action, Crime, Drama            ",153,6.2,11156
33,Nannaku Prematho,2016,UA,"Action, Drama, Thriller            ",168,7.6,8589
48,Pulimurugan,2016,U,Action            ,161,6.8,6686
57,Janatha Garage,2016,UA,"Action, Drama            ",162,7.3,5562
62,Dhruva,2016,UA,"Action, Thriller            ",165,7.9,5346
65,Pelli Choopulu,2016,UA,"Comedy, Drama, Romance            ",125,8.2,5167
69,Ki & Ka,2016,UA,"Comedy, Romance            ",126,5.8,5083
83,Kshanam,2016,,Thriller            ,110,8.3,4231
84,Oopiri,2016,U,"Comedy, Drama            ",158,8,3927
87,Sarrainodu,2016,UA,"Action, Drama            ",159,6.4,3876
127,Anirudh,2016,U,"Action, Drama, Family            ",156,4.3,2785
167,Sardaar Gabbar Singh,2016,UA,"Action, Comedy            ",164,4.8,2178
186,A... Aa,2016,U,"Comedy, Romance            ",152,6.8,1892
190,Krishna Gaadi Veera Prema Gaadha,2016,UA,"Action, Comedy, Romance            ",148,7.5,1854
226,Nenu Sailaja,2016,UA,"Action, Comedy, Romance            ",155,6.9,1520
227,Gentleman,2016,U,"Mystery, Romance, Thriller            ",144,7.1,1518
265,Sokkali Mainor,2016,UA,"Comedy, Drama            ",145,6.4,1221
276,Kaashmora,2016,UA,"Action, Comedy, Fantasy            ",163,5.5,1131
279,Eedo Rakam Aado Rakam,2016,,"Comedy, Romance            ",129,7,1123
292,Ekkadiki Pothavu Chinnavada,2016,,"Comedy, Fantasy, Romance            ",140,7.5,1056
306,Kotigobba 2,2016,U,"Action, Drama, Thriller            ",162,6.5,987
310,Saahasam Swaasaga Saagipo,2016,,"Action, Romance            ",154,6.9,970
311,Premam,2016,UA,"Comedy, Drama, Romance            ",157,6.5,964
343,Express Raja,2016,,"Action, Comedy, Romance            ",150,7.1,851
377,Vismayam,2016,U,Drama            ,164,7.7,759
385,Shourya,2016,UA,"Romance, Thriller            ",124,6.9,733
393,Majnu,2016,UA,"Comedy, Drama, Romance            ",138,6.4,725
403,Killing Veerappan,2016,UA,"Action, Biography, Crime            ",151,7.3,697
444,Dictator,2016,UA,"Action, Drama            ",155,4.2,585
466,Appatlo Okadundevadu,2016,,Drama            ,125,7.8,536
504,Supreme Khiladi,2016,UA,"Action, Comedy            ",142,6.1,476
550,Hyper,2016,UA,"Action, Drama            ",144,5.7,400
604,Maalai Nerathu Mayakkam,2016,A,"Drama, Romance            ",123,6.4,328
629,Babu Bangaram,2016,UA,"Action, Comedy            ",150,5.4,311
659,Ism,2016,UA,Action            ,132,5.8,284
660,Abhinetri,2016,UA,"Comedy, Horror            ",127,6.1,284
687,Maruthu,2016,UA,"Action, Drama            ",146,5.2,263
697,Jaguar,2016,,Action            ,153,5.6,257
709,Mathangi,2016,UA,Horror            ,145,4.2,247
720,Jyo Achyutananda,2016,U,"Comedy, Drama, Romance            ",125,6.5,240
738,Vangaveeti,2016,A,"Action, Biography, Crime            ",142,6.2,232
755,Kalyana Vaibhogame,2016,U,"Comedy, Drama            ",158,6.8,221
805,Speedunnodu,2016,UA,"Comedy, Romance            ",120,4.6,188
866,Jayammu Nischayammuu Raa,2016,,Comedy            ,154,7.2,151
896,Oka Manasu,2016,U,"Drama, Musical, Romance            ",146,5.3,137
909,Nayaki,2016,A,"Comedy, Horror, Thriller            ",113,2.9,130
933,Okka Ammayi Thappa,2016,U,"Action, Drama, Romance            ",134,5.7,122
955,Thikka,2016,UA,"Action, Comedy            ",140,4.6,115
961,Guntur Talkies,2016,A,Comedy            ,158,5.8,114
1143,Chuttalabbayi,2016,UA,Action            ,135,6.1,78
1170,Savitri,2016,,"Comedy, Drama, Family            ",128,5.9,72
1196,Nagarahaavu,2016,UA,Fantasy            ,142,5.5,69
1197,Selfie Raja,2016,,Comedy            ,128,5.6,69
1198,Wish You Happy Breakup,2016,UA,"Comedy, Drama, Romance            ",107,7.4,69
1257,Garam,2016,UA,"Action, Romance            ",147,4.9,61
1258,Raja Cheyyi Vesthe,2016,,"Action, Romance, Thriller            ",144,5.7,61
1271,Naanna Nenu Naa Boyfriends,2016,UA,Family            ,140,4.5,60
1310,Terror,2016,UA,"Action, Thriller            ",130,7.1,56
1322,Intlo Dayyam Nakemi Bhayam,2016,,"Comedy, Horror            ",0,4.7,55
1324,Nirmala Convent,2016,UA,Romance            ,152,6.2,55
1337,Nandini Nursing Home,2016,,Comedy            ,152,7.2,54
1355,Krishnashtami,2016,,"Action, Comedy, Romance            ",160,5.2,52
1378,Seethamma Andalu Ramayya Sitralu,2016,,"Comedy, Romance            ",0,4.2,50
1396,Jakkanna,2016,,"Comedy, Drama            ",0,6.3,49
1,Baahubali 2: The Conclusion,2017,UA,"Action, Drama            ",167,8.2,71458
8,Arjun Reddy,2017,A,"Action, Drama, Romance            ",182,8.1,19419
19,The Ghazi Attack,2017,UA,"Action, Thriller, War            ",116,7.6,11191
24,Veer - Vivegam,2017,UA,"Action, Thriller            ",149,5.6,10399
32,Spyder,2017,UA,"Action, Thriller            ",155,6.6,8666
45,Bairavaa,2017,U,"Action, Thriller            ",169,5.9,7388
71,Singam 3,2017,U,"Action, Thriller            ",155,6.3,5068
73,Jai Lava Kusa,2017,UA,"Action, Drama            ",150,7,4872
108,Maanagaram,2017,UA,"Action, Thriller            ",137,8.1,3371
115,Fidaa,2017,U,"Drama, Romance            ",144,7.5,3154
119,Khaidi No 150,2017,UA,"Action, Drama            ",142,6,3107
121,Duvvada Jagannadham,2017,UA,"Action, Comedy            ",152,5.6,3087
163,Ezra,2017,U,"Horror, Mystery, Thriller            ",147,6.7,2243
169,Ninnu Kori,2017,U,"Comedy, Romance            ",137,7.6,2166
182,Katamarayudu,2017,UA,"Action, Comedy            ",146,5.7,1933
184,Gautamiputra Satakarni,2017,UA,"Action, History            ",131,6.5,1909
189,The House Next Door,2017,A,Horror            ,137,6.8,1865
210,Nenu Local,2017,UA,"Action, Comedy, Romance            ",150,6.4,1626
224,MCA Middle Class Abbayi,2017,UA,"Action, Comedy            ",144,5.8,1534
248,Raja The Great,2017,UA,"Action, Comedy            ",149,6.5,1321
274,Nene Raju Nene Mantri,2017,UA,"Action, Thriller            ",153,5.8,1144
289,Shatamanam Bhavati,2017,U,Drama            ,129,7,1077
293,Amazon Obhijaan,2017,UA,"Action, Adventure            ",140,4.7,1055
309,MalliRaava,2017,U,"Drama, Romance            ",129,8,973
317,PSV Garuda Vega,2017,UA,"Action, Drama            ",150,7.9,945
388,LIE,2017,UA,"Action, Thriller            ",145,5.9,730
392,Okkadu Migiladu,2017,UA,Action            ,141,7.2,725
395,Luck Unnodu,2017,,Comedy            ,118,5.6,724
399,Dora,2017,A,"Action, Horror, Thriller            ",139,5.3,704
401,Vunnadhi Okate Zindagi,2017,U,Drama            ,152,6.4,703
404,Gunturodu,2017,,"Action, Comedy            ",142,6.4,693
421,Raju Gari Gadhi 2,2017,UA,"Comedy, Horror, Thriller            ",117,5.3,633
427,Jaya Janaki Nayaka,2017,UA,"Action, Romance            ",149,5.1,617
431,Okka Kshanam,2017,UA,"Action, Romance, Thriller            ",150,7,603
438,Goutham Nanda,2017,UA,"Action, Drama            ",155,6.4,591
441,Mahanubhavudu,2017,UA,"Comedy, Drama, Romance            ",151,6.4,587
447,Rarandoi Veduka Chudham,2017,UA,"Action, Romance            ",145,5.6,581
453,Guru,2017,U,"Action, Drama, Sport            ",116,7.9,568
495,Paisa Vasool,2017,UA,"Action, Comedy            ",138,4.4,486
515,Yaman,2017,U,"Action, Drama, Thriller            ",152,6.2,456
516,Anando Brahma,2017,U,"Comedy, Horror            ",123,6.7,454
523,Mental Madhilo,2017,UA,"Comedy, Drama, Romance            ",142,7.4,433
561,Yuddham Sharanam,2017,UA,"Action, Thriller            ",141,6,385
568,Shamantakamani,2017,U,Drama            ,130,6.9,376
570,Keshava,2017,UA,"Action, Drama, Thriller            ",117,6.3,372
603,Jawaan,2017,UA,"Action, Thriller            ",134,4.7,329
737,Arjun Reddy,2017,UA,"Drama, Romance            ",143,5,232
769,Om Namo Venkatesaya,2017,U,"Biography, Fantasy            ",140,7.2,213
773,Mister,2017,UA,Drama            ,160,3.9,212
787,Oxygen,2017,UA,"Action, Thriller            ",156,5.5,201
798,Radha,2017,,"Action, Comedy, Romance            ",126,5.4,192
819,Kataka,2017,UA,"Horror, Thriller            ",107,7.5,173
895,Ami Thumi,2017,U,Comedy            ,125,6.6,137
932,Andhhagadu,2017,,Comedy            ,132,5.7,122
967,Kittu Unnadu Jagratha,2017,,Comedy            ,143,5.8,111
1046,Napoleon,2017,,"Drama, Mystery            ",119,7.4,93
1049,Idi Ma Prema Katha,2017,U,Romance            ,141,8.1,92
1050,Babu Baga Busy,2017,A,Comedy            ,126,6.4,92
1070,Snehamera Jeevitham,2017,A,Action            ,130,8.3,89
1110,Nakshatram,2017,UA,Action            ,167,4.3,83
1195,Patel S.I.R,2017,,Action            ,130,5.4,69
1225,Team 5,2017,U,"Adventure, Sport            ",101,4.4,65
1237,Next Nuvve,2017,A,Horror            ,142,5.8,64
1253,Balakrishnudu,2017,UA,"Action, Comedy, Romance            ",130,4.6,62
9,Rangasthalam,2018,UA,"Action, Drama            ",170,8.4,17559
12,Bharat Ane Nenu,2018,UA,"Action, Drama            ",173,7.7,14945
17,Sarkar,2018,UA,"Action, Drama            ",163,6.8,12003
30,Geetha Govindam,2018,UA,"Drama, Romance            ",142,7.7,8846
31,Mahanati,2018,U,"Biography, Drama            ",177,8.5,8732
44,Kaala,2018,,"Action, Drama            ",162,6.7,7494
46,Goodachari,2018,UA,"Action, Thriller            ",147,7.8,7120
52,Aravindha Sametha Veera Raghava,2018,UA,"Action, Drama            ",162,7.7,6371
67,Chekka Chivantha Vaanam,2018,UA,"Action, Crime, Drama            ",146,7.3,5127
68,Naa Peru Surya Na Illu India,2018,UA,"Action, Drama            ",163,6.8,5102
77,Thaanaa Serndha Koottam,2018,UA,"Action, Comedy, Crime            ",138,6.8,4658
96,C/o Kancharapalem,2018,UA,Drama            ,152,9,3699
113,Awe!,2018,UA,Thriller            ,150,7.8,3208
114,Yatra,2018,U,"Biography, Drama, Romance            ",127,8.2,3193
118,Odiyan,2018,U,"Action, Drama, Fantasy            ",167,5.5,3113
140,Agnyaathavaasi,2018,UA,"Action, Drama            ",158,4.5,2526
153,Taxiwaala,2018,Not Rated,"Comedy, Horror, Thriller            ",137,7,2368
159,Nota,2018,A,Drama            ,145,6.4,2309
160,U Turn,2018,UA,"Mystery, Thriller            ",128,7,2307
164,Bhaagamathie,2018,UA,"Action, Horror, Thriller            ",138,7,2217
171,Vishwaroopam 2,2018,,"Action, Thriller            ",145,5.9,2074
173,Tholi Prema,2018,UA,Romance            ,137,7.3,2058
183,Maari 2,2018,UA,"Action, Comedy            ",143,5.6,1925
185,Rx 100,2018,A,"Action, Drama, Romance            ",153,6.9,1897
213,Hello Guru Prema Kosame,2018,U,"Comedy, Romance            ",140,7.1,1569
225,Ee Nagaraniki Emaindi,2018,UA,"Comedy, Drama            ",122,7.9,1523
250,Sammohanam,2018,U,Romance            ,137,7.6,1308
264,Devadas,2018,UA,"Action, Comedy, Drama            ",159,6.7,1225
273,Savyasachi,2018,UA,Action            ,151,5.4,1144
294,Chi La Sow,2018,U,"Comedy, Romance            ",135,7.8,1054
303,Antariksham 9000 kmph,2018,U,"Adventure, Drama, Sci-Fi            ",140,6,994
340,Amar Akbar Anthony,2018,,Action            ,153,4.3,868
342,Krishnarjuna Yudham,2018,UA,"Action, Comedy            ",156,5.6,861
360,Chalo,2018,,"Action, Comedy, Family            ",145,6.4,796
367,Padi Padi Leche Manasu,2018,U,"Drama, Romance            ",158,6.4,778
383,Gayatri,2018,UA,"Drama, Family            ",125,6.5,746
394,Srinivasa Kalyanam,2018,U,"Drama, Family            ",140,6,724
413,Chal Mohan Ranga,2018,U,Romance            ,148,5.8,667
425,Shailaja Reddy Alludu,2018,UA,"Action, Comedy, Drama            ",147,5.1,621
426,Jamba Lakidi Pamba,2018,,"Comedy, Fantasy            ",141,6.6,619
432,Achari America Yathra,2018,UA,"Comedy, Family            ",135,5.8,603
451,Neevevaro,2018,,"Action, Romance, Thriller            ",130,6.9,570
452,Power Unlimited 2,2018,UA,Action            ,147,4.8,570
475,Nela Ticket,2018,UA,"Action, Drama            ",120,4.5,515
481,Jai Simha,2018,UA,"Action, Drama            ",159,4.7,510
510,Needi Naadi Oke Katha,2018,U,Drama            ,121,7.8,462
529,Hushaaru,2018,A,Comedy            ,140,6.9,426
534,Diya,2018,UA,"Drama, Horror, Thriller            ",122,5.7,420
565,Nannu Dochukunduvate,2018,,Romance            ,149,6.9,379
577,Kirrak Party,2018,UA,Comedy            ,165,5.7,361
594,Kavacham,2018,UA,"Action, Thriller            ",141,5.5,335
607,Subedar Joginder Singh,2018,UA,"Action, Biography, Drama            ",139,7.1,325
619,Officer,2018,UA,"Action, Crime            ",122,3.4,318
627,Saakshyam,2018,UA,Action            ,166,4.9,312
633,Pantham,2018,UA,Action            ,122,6.4,304
656,Tej I Love U,2018,U,Romance            ,122,5.4,288
702,Mehbooba,2018,UA,"Action, Drama, Romance            ",152,5.7,253
752,Veera Bhoga Vasantha Rayalu,2018,UA,"Crime, Thriller            ",132,6.7,224
772,Paper Boy,2018,,Romance            ,125,6.5,212
778,Dharma Bhai,2018,UA,"Action, Drama            ",130,3,205
796,MLA,2018,UA,"Action, Drama            ",130,5.2,194
809,@ Nartanasala,2018,Not Rated,Drama            ,139,3.7,185
812,Vijetha,2018,U,Drama            ,141,6.8,182
824,W/o Ram,2018,UA,Thriller            ,122,6,171
834,Rajaratha,2018,,"Action, Adventure, Comedy            ",139,5.2,166
857,Subrahmanyapuram,2018,UA,"Drama, Mystery, Thriller            ",133,5.5,155
868,Ye Mantram Vesave,2018,U,Drama            ,123,4,150
879,Bluff Master,2018,,"Crime, Thriller            ",138,6.5,143
880,Aatagadharaa Siva,2018,,"Action, Comedy, Drama            ",111,7.3,143
887,Silly Fellows,2018,U,Comedy            ,122,5.9,140
905,Desa dimmari,2018,,Romance            ,0,6.8,132
913,24 Kisses,2018,,Romance            ,140,4.9,129
914,Next Enti?,2018,UA,"Comedy, Drama, Romance            ",122,4.6,129
918,Naa Nuvve,2018,U,Romance            ,125,4.2,128
944,Ammammagarillu,2018,,Romance            ,156,5.4,120
945,Brand Babu,2018,U,Comedy            ,144,5.3,119
954,Aatagallu,2018,UA,"Action, Thriller            ",141,5.3,115
960,Raju Gadu,2018,,Family            ,130,5.3,114
1001,Idam Jagath,2018,UA,"Action, Thriller            ",126,5.5,103
1002,Happy Wedding,2018,U,Drama            ,128,4.3,103
1152,Manasuku Nachindhi,2018,,Romance            ,148,6.1,76
1203,Rangula Raatnam,2018,U,Romance            ,137,6.2,68
1269,Bhale Manchi Chowka Beram,2018,UA,"Comedy, Drama, Thriller            ",134,6.4,60
1270,Bhairava Geetha,2018,,Drama            ,119,5,60
1309,Rachayitha,2018,,Romance            ,122,7.2,56
1377,Adhugo,2018,UA,Drama            ,110,6.1,50
11,War,2019,UA,"Action, Thriller            ",154,6.5,17459
13,Saaho,2019,UA,"Action, Thriller            ",170,5.2,14430
28,Bigil,2019,UA,"Action, Drama, Sport            ",179,6.8,9337
34,Dabangg 3,2019,UA,"Action, Comedy            ",160,3.3,8542
36,Manikarnika: The Queen of Jhansi,2019,,"Action, Biography, Drama            ",148,6.4,8227
54,Jersey,2019,U,"Drama, Sport            ",157,8.6,6039
55,Sye Raa Narasimha Reddy,2019,UA,"Action, Adventure, Drama            ",167,7.5,5848
64,Maharshi,2019,UA,"Action, Drama            ",176,7.3,5197
72,Agent Sai Srinivasa Athreya,2019,UA,"Action, Comedy, Crime            ",148,8.5,4985
79,Dear Comrade,2019,UA,"Action, Drama, Romance            ",169,7.3,4575
105,Kaappaan,2019,UA,"Action, Thriller            ",166,6.4,3410
117,Evaru,2019,UA,"Crime, Drama, Thriller            ",118,8.2,3115
120,NGK,2019,U,"Action, Drama            ",148,6,3099
137,Majili,2019,UA,"Drama, Romance            ",154,7.2,2579
146,Vinaya Vidheya Rama,2019,UA,Action            ,146,3.3,2435
172,Oru Adaar Love,2019,UA,"Comedy, Romance            ",145,5.5,2059
174,Brochevarevarura,2019,U,Comedy            ,138,8,2053
177,Gang Leader,2019,UA,"Action, Comedy            ",155,7.6,2027
181,Mathu Vadalara,2019,UA,"Comedy, Crime, Thriller            ",130,8.3,1935
188,F2: Fun and Frustration,2019,UA,Comedy            ,148,6.2,1878
200,NTR: Kathanayakudu,2019,U,"Biography, Drama            ",169,5.7,1769
211,Oh Baby...,2019,U,"Comedy, Drama, Fantasy            ",161,7.4,1601
233,Chitralahari,2019,U,Drama            ,131,7.2,1481
239,iSmart Shankar,2019,A,"Action, Sci-Fi            ",140,5.5,1428
245,Pailwan,2019,UA,"Action, Drama, Sport            ",166,6.4,1364
249,Kadaram Kondan,2019,UA,"Action, Thriller            ",121,5.7,1311
296,Kanchana 3,2019,UA,"Action, Comedy, Horror            ",164,4.2,1034
316,NTR Mahanayakudu,2019,U,"Biography, Drama            ",128,5.4,946
318,Kurukshetra,2019,UA,"History, War            ",185,6.9,939
337,Rakshasudu,2019,UA,"Action, Crime, Thriller            ",122,8.2,875
349,Ayogya,2019,UA,"Action, Drama            ",146,6.1,829
365,Praana,2019,UA,"Crime, Drama, Horror            ",107,8.5,782
379,Gaddalakonda Ganesh,2019,UA,"Action, Thriller            ",130,6.6,752
381,Venky Mama,2019,UA,"Action, Comedy, Drama            ",149,5.5,748
390,Dev,2019,U,"Action, Adventure, Romance            ",157,4.8,727
405,Mr. Majnu,2019,UA,Romance            ,145,6.1,692
417,Mallesham,2019,,Biography            ,131,8.5,652
429,Pichhodu,2019,UA,Drama            ,0,9.5,605
442,118,2019,UA,"Action, Thriller            ",120,6.6,586
454,Kee,2019,UA,"Action, Thriller            ",138,5.1,567
464,Lakshmi's NTR,2019,U,Drama            ,152,6.9,537
471,Falaknuma Das,2019,A,"Action, Thriller            ",145,6.3,523
476,Prati Roju Pandaage,2019,U,"Drama, Family            ",146,6.2,515
485,George Reddy,2019,U,Action            ,153,7.2,500
494,Manmadhudu 2,2019,UA,"Comedy, Drama, Romance            ",155,4.8,489
518,Raja Vaaru Rani Gaaru,2019,UA,Romance            ,133,7.6,443
537,Mudra,2019,UA,"Action, Thriller            ",108,7,416
545,Seetha,2019,UA,Romance            ,161,4.7,405
574,Ranarangam,2019,UA,"Action, Drama            ",138,5.9,368
584,Raju Gari Gadhi 3,2019,UA,"Comedy, Horror, Thriller            ",122,6.7,353
637,Chanakya,2019,UA,"Action, Thriller            ",147,5.5,302
639,Jessie,2019,A,"Horror, Thriller            ",106,7,300
640,Ninu Veedani Needanu Nene,2019,U/A,Comedy            ,123,5.9,300
643,Meeku Matrame Chepta,2019,UA,Comedy            ,120,6.2,297
678,Hawaa,2019,UA,Crime            ,110,7,269
690,Evvarikee Cheppoddu,2019,U,Drama            ,133,7.3,261
698,Marshal,2019,,Action            ,143,6.9,257
713,Nenu Lenu,2019,UA,Drama            ,118,7.3,244
725,Boy,2019,U,"Comedy, Drama            ",129,6.9,237
748,Super Duper,2019,UA,"Comedy, Thriller            ",118,6.6,226
756,Heza,2019,UA,Drama            ,111,7.4,220
764,Guna 369,2019,UA,"Action, Drama            ",146,6.3,216
768,Ruler,2019,,"Action, Drama            ",130,3.6,214
779,Software Sudheer,2019,UA,Drama            ,125,6,205
794,2 Hours Love,2019,UA,Romance            ,150,6.7,197
856,Operation Gold Fish,2019,UA,"Action, Thriller            ",127,4.4,155
865,Ninnu Thalachi,2019,U,"Comedy, Romance            ",138,7.4,152
908,I Love You,2019,UA,"Drama, Romance            ",122,4.8,131
911,Kamma Rajyam Lo Kadapa Reddlu,2019,UA,"Drama, Thriller            ",153,3.7,130
929,Suryakantham,2019,U,"Comedy, Romance            ",139,5.4,123
931,Kousalya Krishnamurthy,2019,U,"Drama, Sport            ",149,7.4,123
937,Voter,2019,,Romance            ,0,7.4,121
951,Hippi,2019,A,"Action, Comedy, Romance            ",143,5,116
956,Dorasani,2019,U/A,"Drama, Romance            ",130,5.9,115
964,Iddari Lokam Okate,2019,UA,"Drama, Romance            ",126,5.6,112
970,Rama Chakkani Seetha,2019,,"Drama, Romance            ",126,6.1,111
982,ABCD: American-Born Confused Desi,2019,U,Comedy            ,145,5.4,108
989,Tenali Ramakrishna BA.BL,2019,UA,"Action, Comedy, Drama            ",128,5,106
1015,1st Rank Raju,2019,,"Comedy, Drama, Romance            ",0,5.3,100
1026,Rayalaseema Love Story,2019,A,Drama            ,154,6.2,96
1057,Runam,2019,UA,Romance            ,131,8.8,91
1071,Kobbari Matta,2019,,Comedy            ,110,5.8,89
1128,Mithai,2019,Not Rated,"Crime, Drama, Romance            ",140,4.4,79
1145,Raagala 24 Gantallo,2019,UA,Thriller            ,134,5.7,78
1149,Thipparaa Meesam,2019,UA,Romance            ,152,6.4,77
1193,Kathanam,2019,UA,"Mystery, Thriller            ",117,3.9,70
1214,Vinara sodara veera kumara,2019,UA,"Drama, Romance            ",0,7.6,67
1222,Jodi,2019,,Romance            ,130,6.2,66
1231,Aaviri,2019,UA,"Drama, Thriller            ",0,4.5,65
1315,RDX Love,2019,A,Drama            ,145,3.2,56
1316,Rajdooth,2019,,Drama            ,130,6.7,56
1326,Beach Road Chetan,2019,A,"Action, Drama, Sci-Fi            ",137,7.9,55
1327,Undiporaadhey,2019,,Romance            ,0,7.2,55
1343,Burra katha,2019,U/A,"Comedy, Romance            ",150,5.1,54
56,Ala Vaikunthapurramuloo,2020,UA,"Action, Drama            ",163,7.2,5732
81,Sarileru Neekevvaru,2020,UA,"Action, Comedy, Drama            ",169,6.1,4367
158,HIT,2020,UA,"Crime, Drama, Mystery            ",125,7.8,2327
205,Penguin,2020,,"Drama, Mystery, Thriller            ",132,4.6,1671
241,Bheeshma,2020,UA,"Action, Comedy, Romance            ",150,6.6,1419
246,World Famous Lover,2020,UA,Romance            ,154,4.6,1342
362,Disco Raja,2020,UA,"Action, Sci-Fi            ",141,6.4,792
363,Krishna and His Leela,2020,,"Comedy, Romance            ",125,5.3,792
448,Aswathama,2020,UA,"Action, Thriller            ",133,6.4,579
450,Jaanu,2020,UA,"Drama, Romance            ",151,7,574
528,Madha,2020,UA,"Mystery, Thriller            ",113,5.3,426
667,O Pitta Katha,2020,U,"Drama, Thriller            ",128,6.9,278
712,Oka Chinna Viramam,2020,U,Thriller            ,95,7.3,244
722,Palasa 1978,2020,A,"Action, Drama            ",144,7.6,240
767,Entha Manchivaadavuraa,2020,U,"Action, Drama            ",152,5.5,215
849,Pressure Cooker,2020,UA,"Comedy, Drama, Family            ",135,6.5,159
1021,Amrutha Ramam,2020,,Drama            ,0,8,99
1033,Valayam,2020,UA,Mystery            ,140,7,95
1052,Bhanumathi & Ramakrishna,2020,,"Comedy, Drama, Romance            ",93,7.5,92
1085,Savaari,2020,UA,Romance            ,153,6.7,87
1115,Anukunnadi Okkati Ayyindhi Okati,2020,A,"Comedy, Crime, Drama            ",122,5.6,82
1263,Raahu,2020,A,Thriller            ,123,6.6,61
1293,Prema Pipasi,2020,A,Romance            ,142,8.2,58
1342,Choosi Choodangaane,2020,UA,Romance            ,113,7.1,54
1383,Screenplay of an Indian Love Story,2020,A,Drama            ,129,8.9,50
26,Manam,,UA,"Comedy, Drama, Fantasy            ",163,8,9589
60,Game Over,,UA,"Drama, Thriller            ",102,7.1,5418
86,3,,U,"Drama, Mystery, Romance            ",145,7.2,3879
144,Darling,,,"Comedy, Drama, Romance            ",151,7.3,2456
207,Legend,,A,"Action, Drama            ",168,6.3,1661
212,Sketch,,UA,Action            ,137,5.7,1594
220,Hello,,U,"Action, Romance            ",131,7.2,1552
232,Run Baby Run,,U,"Action, Comedy, Thriller            ",180,6.6,1482
238,Rebel,,A,"Action, Comedy, Drama            ",168,4.7,1446
281,Ready,,,"Action, Comedy            ",165,7.2,1105
288,Game,,UA,Thriller            ,130,5.1,1080
331,Manu,,A,"Mystery, Romance, Thriller            ",180,8,891
341,Kathakali,,U,"Action, Thriller            ",125,6.5,868
345,Don,,A,"Action, Crime, Drama            ",154,5.5,835
359,Run,,U,"Action, Comedy, Drama            ",180,7,802
384,180,,U,"Drama, Romance            ",121,6,742
389,Power,,A,Action            ,147,5.8,730
418,Attack,,,"Action, Crime, Thriller            ",158,6.1,639
465,Dhoni,,,"Drama, Family            ",135,6.7,537
484,Lava Kusa,,U,"Drama, Family, Musical            ",153,8.1,504
491,Raja,,U,Family            ,175,7.5,493
496,Lakshmi,,U,Drama            ,130,6.9,484
535,Vikram,,,"Action, Adventure, Sci-Fi            ",136,7.2,420
544,Daddy,,U,Drama            ,157,6.5,408
546,Kalki,,UA,"Action, Thriller            ",140,7,405
610,Seven,,UA,Thriller            ,117,5.2,320
612,Solo,,UA,Drama            ,152,6.7,320
620,Paisa,,,"Action, Drama            ",138,6.1,318
628,Shadow,,,"Action, Crime, Drama            ",160,3.8,312
630,Shivam,,UA,"Action, Comedy, Romance            ",168,5.4,310
632,Lion,,,"Action, Drama            ",143,3.3,305
657,Winner,,UA,"Action, Drama            ",155,4.6,288
800,Abhilasha,,A,Thriller            ,145,7.3,192
814,Dream,,UA,"Action, Crime, Mystery            ",126,8.3,178
835,Danger,,,Thriller            ,125,6.4,166
869,Bhakta Prahlada,,U,"Drama, Musical            ",151,7.5,150
875,Lovely,,,Romance            ,0,5.4,148
968,Ice Cream,,A,"Horror, Thriller            ",144,3.5,111
1010,Wanted,,UA,"Action, Drama            ",160,4,100
1051,Rogue,,UA,"Action, Thriller            ",134,5.9,92
1060,Agni,,U,nan,0,8.5,91
1089,Lover,,UA,Romance            ,130,5.8,86
1129,Tiger,,,"Action, Crime, Romance            ",135,5.7,79
1137,Karma,,,"Drama, Mystery, Thriller            ",0,7.1,79
1192,90 ML,,A,"Action, Drama, Romance            ",159,4.9,70
1205,Kalidasu,,,"Action, Drama, Romance            ",0,3.7,68
1215,Tenali Ramakrishna,,U,"Comedy, Drama            ",204,7.9,67
1379,Run,,U,"Action, Drama, Romance            ",110,5.4,50
